plot_ID,SITE,line,genotype,location,lib_ID,BIOMASS,TC,AREA,SLA,FRESH,DRY,RWC,OP,MDWP,Group,Population
B1001,BFL,PIN.1.G2,PIN1,West,PD25-1,NA,19,3.68,235.8974359,0.0493,0.0156,92.83746556,416,9.5,West_BFL,HAL_I
B1002,BFL,EPS.1C.G1,EPS1C,Filipes,PD25-2,61.69,148,13.48,228.4745763,0.1982,0.059,90.74315515,406,12.5,Filipes_BFL,FIL
B1003,BFL,HAL.2.G1,HAL2,CenTex,PD4-30,6.29,51,6.55,224.3150685,0.0996,0.0292,93.36870027,607,13,CenTex_BFL,HAL_I
B1005,BFL,PAJ.17.G1,PAJ17,Sym,PD3-21,60.09,189,5.51,242.7312775,0.0646,0.0227,88.9596603,477,19.5,Sym_BFL,HAL_II
B1006,BFL,ABI.1.G3,ABI1,CenTex,PD10-1,35.59,244,4.95,248.7437186,0.0613,0.0199,92.41071429,414,11.5,CenTex_BFL,HAL_I
B1007,BFL,COM.12.G2,COM12,TexMex,PD8-21,45.49,202,4.81,189.3700787,0.0773,0.0254,93.51351351,447,11.5,TexMex_BFL,HAL_II
B1008,BFL,SPJ.2.G2,SPJ2,CenTex,PD4-21,102.69,257,8.72,215.308642,0.1224,0.0405,93.38654504,444,13,CenTex_BFL,HAL_I
B1009,BFL,HWY.1.G1,HWY1,West,PD18-2,6.89,52,5.9,231.372549,0.0807,0.0255,94.52054795,457,11,West_BFL,HAL_I
B1010,BFL,HAM.1.G1,HAM1,TexMex,PD18-3,21.19,97,3.87,235.9756098,0.0486,0.0164,93.06358382,312,9,TexMex_BFL,HAL_II
B1011,BFL,SAN.9.G1,SAN9,TexMex,PD18-4,43.39,261,3.74,292.1875,0.047,0.0128,94.21487603,394,11.5,TexMex_BFL,HAL_II
B1012,BFL,AWR.1.G1,AWR1,Filipes,PD10-2,129.39,170,8.92,226.9720102,0.1215,0.0393,96.70588235,385,12,Filipes_BFL,FIL
B1013,BFL,BEX.14.G1,BEX14,CenTex,PD10-3,123.69,279,8.89,225.0632911,0.1224,0.0395,93.77828054,457,12.5,CenTex_BFL,HAL_I
B1014,BFL,KER.10.G1,KER10,CenTex,PD18-5,52.09,239,4.67,227.804878,0.0639,0.0205,93.93939394,467,16.5,CenTex_BFL,HAL_I
B1015,BFL,SPJ.2.G2,SPJ2,CenTex,PD4-22,81.49,184,10.31,199.8062016,0.1446,0.0516,91.8065153,484,11.5,CenTex_BFL,HAL_I
B1017,BFL,CRC.1.G1,CRC1,West,PD5-27,53.69,200,5.38,245.6621005,0.0788,0.0219,96.27749577,377,12.5,West_BFL,HAL_I
B1018,BFL,GNH.10.G2,GNH10,Sym,PD2-21,139.59,250,8.78,232.8912467,0.1158,0.0377,90.49826188,461,15,Sym_BFL,HAL_II
B1019,BFL,ELG.50.G2,ELG50,West,PD6-21,61.79,157,6.21,223.381295,0.082,0.0278,93.28743546,434,10,West_BFL,HAL_I
B1020,BFL,COM.12.G2,COM12,TexMex,PD8-22,37.89,142,6.05,224.9070632,0.0971,0.0269,93.72496662,361,11.5,TexMex_BFL,HAL_II
B1021,BFL,NUE.1.F,NUE1,Filipes,PD18-7,123.89,228,8.58,220.5655527,0.1096,0.0389,91.10824742,444,14.5,Coastal_BFL,FIL
B1022,BFL,CHA.2.G1,CHA2,West,PD5-24,57.59,208,5.36,308.045977,0.0696,0.0174,95.42961609,381,9.5,West_BFL,HAL_I
B1024,BFL,GEO.1A.G1,GEO1A,West,PD6-24,94.09,238,9.36,232.8358209,0.1377,0.0402,93.93063584,350,12,West_BFL,HAL_I
B1025,BFL,CRC.1.G1,CRC1,West,PD5-28,10.59,113,8.06,251.0903427,0.113,0.0321,91.93181818,397,13,West_BFL,HAL_I
B1026,BFL,UVL.1A.G3,UVL1A,Sym,PD4-24,79.99,234,6.72,252.6315789,0.0865,0.0266,90.62027231,387,12.5,Sym_BFL,HAL_II
B1029,BFL,EPS.1C.G1,EPS1C,Filipes,PD18-11,118.89,212,10.46,222.5531915,0.143,0.047,93.2038835,392,4.5,Filipes_BFL,FIL
B1030,BFL,COL.6.G1,COL6,Sym,PD18-12,178.39,362,10.78,197.4358974,0.1447,0.0546,91.75152749,424,13.5,Sym_BFL,HAL_II
B1032,BFL,KNT.14A.G2,KNT14A,West,PD18-14,74.49,247,11.37,204.8648649,0.1691,0.0555,91.53908139,500,9,West_BFL,HAL_I
B1033,BFL,CCO.2.F,CCO2,West,PD10-4,13.19,120,4.67,222.3809524,0.0699,0.021,NA,455,13,West_BFL,HAL_I
B1034,BFL,GRA.1.G1,GRA1,West,PD18-15,77.29,398,4.19,198.5781991,0.0603,0.0211,93.11163895,436,13.5,West_BFL,HAL_I
B1035,BFL,PIS.2.G2,PIS2,Sym,PD18-16,182.8,773,7.18,232.3624595,0.0971,0.0309,97.64011799,453,13.5,Sym_BFL,HAL_II
B1036,BFL,ART.1.G2,ART1,West,PD10-5,38.89,172,7.11,215.4545455,0.0959,0.033,90.37356322,421,14.5,West_BFL,HAL_I
B1037,BFL,JHC.3.G2,JHC3,TexMex,PD18-17,69.19,376,3.48,245.0704225,0.0451,0.0142,91.15044248,416,13.5,TexMex_BFL,HAL_II
B1039,BFL,LMA.4.G2,LMA4,CenTex,PD18-18,6.19,107,2.79,202.173913,0.0376,0.0138,90.49429658,337,11.5,CenTex_BFL,HAL_I
B1040,BFL,LAR.1A.G2,LAR1A,Filipes,PD18-19,44.4,168,6.83,216.1392405,0.0883,0.0316,92.04545455,390,14,Filipes_BFL,FIL
B1041,BFL,TNK.2.F,TNK2,West,PD18-20,NA,NA,3.81,260.9589041,0.0454,0.0146,90.85545723,315,14.5,West_BFL,HAL_I
B1102,BFL,SNO.7.G1,SNO7,West,PD18-21,62.89,127,8.5,198.5981308,0.1459,0.0428,95.55143652,439,8.5,West_BFL,HAL_I
B1104,BFL,LME.5.G1,LME5,West,PD9-21,10.79,44,5.83,203.1358885,0.0882,0.0287,93.99684044,367,9.5,West_BFL,HAL_I
B1105,BFL,SPR.30.G3,SPR30,West,PD18-22,10.59,43,5.36,205.3639847,0.0776,0.0261,98.28244275,380,10.5,West_BFL,HAL_I
B1106,BFL,CLD.3.G1,CLD3,West,PD10-6,36.09,107,8.49,217.6923077,0.1268,0.039,94.81641469,435,9.5,West_BFL,HAL_I
B1107,BFL,BEL.3.G1,BEL3,CenTex,PD10-7,34.49,160,4.28,256.2874251,0.055,0.0167,96.71717172,357,9,CenTex_BFL,HAL_I
B1108,BFL,BUR.8.G1,BUR8,Sym,PD5-21,89.9,230,5.45,223.3606557,0.0738,0.0244,100,458,10.5,Sym_BFL,HAL_II
B1109,BFL,LMA.4.G2,LMA4,CenTex,PD18-23,48.89,138,4.94,230.8411215,0.0664,0.0214,96.77419355,419,9,CenTex_BFL,HAL_I
B1110,BFL,KIC.6.G3,KIC6,TexMex,PD18-24,194.6,385,6.95,190.9340659,0.1013,0.0364,98.33333333,440,11,TexMex_BFL,HAL_II
B1111,BFL,CHA.2.G1,CHA2,West,PD5-25,16.29,77,3.62,241.3333333,0.0512,0.015,95.76719577,324,6.5,West_BFL,HAL_I
B1113,BFL,CCG.5.G1,CCG5,West,PD6-29,25.59,73,4.65,239.6907216,0.0686,0.0194,96.66011788,452,7.5,West_BFL,HAL_I
B1114,BFL,BBF.5.G1,BBF5,TexMex,PD1-24,18.79,72,5.55,231.25,0.0763,0.024,95.61243144,399,11,TexMex_BFL,HAL_II
B1115,BFL,GEO.1A.G1,GEO1A,West,PD6-25,125.69,220,10.81,227.5789474,0.1526,0.0475,96.86635945,364,8.5,West_BFL,HAL_I
B1116,BFL,NOH.5.G2,NOH5,Filipes,PD10-8,97.29,330,4.12,219.1489362,0.053,0.0188,96.61016949,482,16,Coastal_BFL,FIL
B1118,BFL,BBD.5.G1,BBD5,TexMex,PD10-10,135.69,217,6.75,214.9681529,0.0914,0.0314,94.78672986,345,10.5,TexMex_BFL,HAL_II
B1119,BFL,SPE.34.G2,SPE34,West,PD3-27,142.69,320,9.63,219.8630137,0.138,0.0438,93.26732673,354,12,West_BFL,HAL_I
B1120,BFL,MCR.19.G2,MCR19,West,PD18-26,82.39,160,6.18,217.6056338,0.0797,0.0284,93.27272727,388,15.5,West_BFL,HAL_I
B1121,BFL,HAM.1.G1,HAM1,TexMex,PD18-27,NA,NA,NA,NA,NA,NA,NA,NA,NA,TexMex_BFL,HAL_II
B1122,BFL,NDP.2.G3,NDP2,Filipes,PD18-28,107.69,172,7.5,228.6585366,0.0959,0.0328,94.03874814,402,9,Filipes_BFL,FIL
B1123,BFL,SLS.5.G3,SLS5,TexMex,PD18-29,241.59,381,6.97,205.6047198,0.0951,0.0339,91.89189189,448,13.5,TexMex_BFL,HAL_II
B1124,BFL,DRB.1.G4,DRB1,TexMex,PD18-30,84.59,258,6.96,274.015748,0.092,0.0254,94.20084866,379,13.5,TexMex_BFL,HAL_II
B1125,BFL,BEX.14.G1,BEX14,CenTex,PD10-11,147.69,220,9.08,221.4634146,0.1277,0.041,94.85776805,403,12,CenTex_BFL,HAL_I
B1126,BFL,SNO.7.G1,SNO7,West,PD19-1,169.69,210,11.18,220.5128205,0.1693,0.0507,95.03205128,358,12.5,West_BFL,HAL_I
B1127,BFL,BEE.1A.G3,BEE1A,Sym,PD1-27,155.89,183,8.55,206.5217391,0.1089,0.0414,89.28571429,458,14.5,Sym_BFL,HAL_II
B1129,BFL,SEM.2A.G2,SEM2A,TexMex,PD3-24,49.09,81,4.92,222.6244344,0.0684,0.0221,91.68316832,475,11,TexMex_BFL,HAL_II
B1130,BFL,GNF.1.G1,GNF1,Filipes,PD19-2,258.49,268,7.27,226.4797508,0.0882,0.0321,94.92385787,452,12.5,Filipes_BFL,FIL
B1131,BFL,SMT.1.G2,SMT1,TexMex,PD19-3,105.89,343,6.41,249.4163424,0.085,0.0257,92.65625,432,8.5,TexMex_BFL,HAL_II
B1132,BFL,KER.10.G1,KER10,CenTex,PD19-4,120.89,230,8.27,195.5082742,0.1267,0.0423,96.34703196,465,15.5,CenTex_BFL,HAL_I
B1133,BFL,ARB.1.G2,ARB1,CenTex,PD1-21,76.09,150,8.3,221.3333333,0.1174,0.0375,98.76390606,419,11.5,CenTex_BFL,HAL_I
B1134,BFL,SPR.30.G3,SPR30,West,PD19-5,NA,NA,5.01,184.8708487,0.0705,0.0271,90.98532495,450,12.5,West_BFL,HAL_I
B1135,BFL,ALI.4.G1,ALI4,West,PD10-13,NA,NA,3.66,259.5744681,0.0524,0.0141,96.23115578,408,13,West_BFL,HAL_I
B1136,BFL,POI.3.G4,POI3,Sym,PD19-6,127.39,366,5.6,210.5263158,0.0672,0.0266,90.02217295,499,18,Sym_BFL,HAL_II
B1137,BFL,KIC.6.G3,KIC6,TexMex,PD19-7,284.3,280,12.14,203.3500838,0.1744,0.0597,92.12851406,419,12.5,TexMex_BFL,HAL_II
B1139,BFL,SPE.34.G2,SPE34,West,PD3-28,45.89,124,5.25,235.426009,0.0724,0.0223,93.82022472,390,13,West_BFL,HAL_I
B1140,BFL,ARA.1.G1,ARA1,Filipes,PD10-14,92.7,119,14.07,194.0689655,0.2126,0.0725,91.0923277,441,13.5,Filipes_BFL,FIL
B1141,BFL,NUE.1.F,NUE1,Filipes,PD19-8,79.19,256,6.96,213.4969325,0.0925,0.0326,93.44773791,384,13.5,Coastal_BFL,FIL
B1201,BFL,SAP.6.G1,SAP6,TexMex,PD19-9,34.19,201,10.51,204.8732943,0.1707,0.0513,NA,343,11.5,TexMex_BFL,HAL_II
B1202,BFL,CCL.1.F,CCL1,West,PD10-15,8.89,91,6.11,225.4612546,0.08,0.0271,91.84027778,332,13,West_BFL,HAL_I
B1203,BFL,PRT.4.G1,PRT4,West,PD7-21,43.2,239,8.89,259.1836735,0.1129,0.0343,89.52164009,352,9.5,West_BFL,HAL_I
B1204,BFL,PDB.2.G2,PDB2,West,PD19-10,29.99,122,6.25,207.641196,0.0515,0.0301,32.72171254,487,8.5,West_BFL,HAL_I
B1205,BFL,BEE.1A.G3,BEE1A,Sym,PD1-28,106.5,188,12.24,172.1518987,0.1912,0.0711,97.48376623,440,9.5,Sym_BFL,HAL_II
B1206,BFL,SEM.2A.G2,SEM2A,TexMex,PD3-25,60.69,423,3.12,240,0.0395,0.013,96.01449275,327,7,TexMex_BFL,HAL_II
B1207,BFL,CBS.6.G1,CBS6,CenTex,PD4-27,45.79,375,4.67,244.5026178,0.0586,0.0191,92.94117647,364,11.5,CenTex_BFL,HAL_I
B1208,BFL,HUE.19.G2,HUE19,Sym,PD25-3,64.5,246,5.02,229.2237443,0.0588,0.0219,96.59685864,357,13.5,Sym_BFL,HAL_II
B1209,BFL,DOF.11.G1,DOF11,TexMex,PD19-11,82,507,4.75,220.9302326,0.0624,0.0215,90.68736142,373,12.5,TexMex_BFL,HAL_II
B1210,BFL,ART.1.G2,ART1,West,PD10-16,49.99,118,8.28,237.9310345,0.1186,0.0348,94.68926554,420,14,West_BFL,HAL_I
B1211,BFL,CRS.3.G1,CRS3,West,PD19-12,51.79,205,9.5,220.9302326,0.1415,0.043,93.36492891,428,11,West_BFL,HAL_I
B1212,BFL,ESE.2.G1,ESE2,CenTex,PD19-13,NA,NA,5.83,186.8589744,0.0881,0.0312,NA,512,9.5,CenTex_BFL,HAL_I
B1213,BFL,FIL.2A.G2,FIL2A,Filipes,PD19-14,546.7,572,24.65,177.9783394,0.4078,0.1385,90.24798928,379,14,Filipes_BFL,FIL
B1215,BFL,ELG.56.G2,ELG56,West,PD6-27,125.2,235,9.72,206.8085106,0.1227,0.047,83.37004405,408,17,West_BFL,HAL_I
B1216,BFL,KNT.14A.G2,KNT14A,West,PD19-16,121.39,317,13.01,238.7155963,0.1931,0.0545,90.05847953,417,14.5,West_BFL,HAL_I
B1217,BFL,PAJ.17.G1,PAJ17,Sym,PD3-22,226.4,532,4.48,271.5151515,0.0514,0.0165,88.80407125,526,15.5,Sym_BFL,HAL_II
B1218,BFL,CHA.2.G1,CHA2,West,PD5-26,123.69,417,5.72,228.8,0.0715,0.025,86.43122677,456,15,West_BFL,HAL_I
B1220,BFL,ATA.1.G1,ATA1,TexMex,PD10-17,226.8,669,3.93,247.1698113,0.0413,0.0159,81.41025641,514,18,TexMex_BFL,HAL_II
B1221,BFL,UVL.1A.G3,UVL1A,Sym,PD4-25,269.4,640,8.35,206.1728395,0.1185,0.0405,89.44954128,376,14,Sym_BFL,HAL_II
B1222,BFL,TNK.2.F,TNK2,West,PD19-17,147.29,417,9.18,223.902439,0.1334,0.041,89.88326848,521,13.5,West_BFL,HAL_I
B1223,BFL,HWY.1.G1,HWY1,West,PD25-4,85.59,311,8.07,246.0365854,0.108,0.0328,88.3666275,451,17.5,West_BFL,HAL_I
B1224,BFL,ART.1.G2,ART1,West,PD10-18,62.79,207,5.7,261.4678899,0.0835,0.0218,92.22720478,499,14.5,West_BFL,HAL_I
B1225,BFL,ARR.1A.G2,ARR1A,West,PD10-19,198.19,557,6.86,178.1818182,0.1071,0.0385,94.75138122,523,18,West_BFL,HAL_I
B1226,BFL,ESE.2.G1,ESE2,CenTex,PD19-18,164.99,411,8.78,217.3267327,0.1119,0.0404,81.15777526,421,9.5,CenTex_BFL,HAL_I
B1227,BFL,POI.3.G4,POI3,Sym,PD19-19,159.4,452,5.81,211.2727273,0.0709,0.0275,87.5,661,21.5,Sym_BFL,HAL_II
B1228,BFL,CRS.3.G1,CRS3,West,PD19-20,207,287,10.6,217.2131148,0.161,0.0488,88.69565217,516,17,West_BFL,HAL_I
B1229,BFL,GRA.1.G1,GRA1,West,PD19-21,149.99,369,10.32,208.9068826,0.1276,0.0494,81.28898129,515,17,West_BFL,HAL_I
B1230,BFL,CNF.2.G1,CNF2,West,PD10-20,148.99,295,9.14,207.7272727,0.107,0.044,72,497,20,West_BFL,HAL_I
B1231,BFL,DOF.11.G1,DOF11,TexMex,PD19-22,209.19,625,5.95,216.3636364,0.0776,0.0275,80.6763285,413,15.5,TexMex_BFL,HAL_II
B1232,BFL,RAN.5.G1,RAN5,West,PD19-23,186.5,511,10.97,198.7318841,0.1589,0.0552,87.36310025,421,16,West_BFL,HAL_I
B1233,BFL,RAN.5.G1,RAN5,West,PD19-24,153,409,12.45,211.3752122,0.1801,0.0589,88.85630499,424,14.5,West_BFL,HAL_I
B1235,BFL,ELG.50.G2,ELG50,West,PD6-22,142.9,333,10.21,164.4122383,0.1844,0.0621,89.53147877,411,16,West_BFL,HAL_I
B1236,BFL,PDF.1.G1,PDF1,West,PD2-24,59.39,325,6.09,235.1351351,0.0853,0.0259,90.54878049,420,14,West_BFL,HAL_I
B1237,BFL,SPJ.2.G2,SPJ2,CenTex,PD4-23,64.59,179,7.78,221.0227273,0.1073,0.0352,87.81973203,442,16,CenTex_BFL,HAL_I
B1238,BFL,SPE.34.G2,SPE34,West,PD3-29,106.49,327,5.54,235.7446809,0.0823,0.0235,93.92971246,355,15.5,West_BFL,HAL_I
B1239,BFL,ARR.1A.G2,ARR1A,West,PD10-21,17.99,149,8.39,193.7644342,0.1175,0.0433,88.12351544,544,15,West_BFL,HAL_I
B1240,BFL,SEV.2.G1,SEV2,West,PD9-25,6.39,61,3.87,218.6440678,0.0497,0.0177,88.64265928,430,13.5,West_BFL,HAL_I
B1241,BFL,KEN.3.G1,KEN3,TexMex,PD19-26,NA,NA,4.71,255.9782609,0.0515,0.0184,77.3364486,369,15.5,TexMex_BFL,HAL_II
B1302,BFL,CCO.2.F,CCO2,West,PD10-22,8.99,101,4.45,214.9758454,0.0578,0.0207,90.2676399,377,10,West_BFL,HAL_I
B1303,BFL,BBF.5.G1,BBF5,TexMex,PD1-25,38.29,148,5.46,212.4513619,0.0736,0.0257,91.06463878,407,12.5,TexMex_BFL,HAL_II
B1304,BFL,DRB.1.G4,DRB1,TexMex,PD19-28,56.3,344,5.03,270.4301075,0.0606,0.0186,92.10526316,352,12.5,TexMex_BFL,HAL_II
B1305,BFL,DRB.1.G4,DRB1,TexMex,PD19-29,40.39,192,2.17,271.25,0.0214,0.008,87.58169935,423,10.5,TexMex_BFL,HAL_II
B1306,BFL,MCR.19.G2,MCR19,West,PD19-30,44.29,133,8.56,225.8575198,0.1069,0.0379,90.67017083,372,12,West_BFL,HAL_I
B1307,BFL,BEE.1A.G3,BEE1A,Sym,PD1-29,87.3,207,13.73,207.7155825,0.2044,0.0661,91.71087533,345,10.5,Sym_BFL,HAL_II
B1308,BFL,HDS.1.G1,HDS1,CenTex,PD25-5,42.39,297,5.17,220,0.0714,0.0235,86.77536232,354,13.5,CenTex_BFL,HAL_I
B1309,BFL,BAN.17.G1,BAN17,CenTex,PD10-23,58.5,268,3.82,217.0454545,0.0537,0.0176,87.83454988,402,15,CenTex_BFL,HAL_I
B1311,BFL,NMX.1.G1,NMX1,West,PD20-2,64.1,213,10.87,222.2903885,0.1564,0.0489,90.10896899,347,11.5,West_BFL,HAL_I
B1312,BFL,MCM.1.G1,MCM1,Filipes,PD20-3,193.6,379,9.96,244.1176471,0.1215,0.0408,87.24324324,335,13,Filipes_BFL,FIL
B1313,BFL,CCG.5.G1,CCG5,West,PD6-30,35.99,232,5.78,218.1132075,0.0824,0.0265,83.80809595,353,16.5,West_BFL,HAL_I
B1315,BFL,NDD.1.G1,NDD1,TexMex,PD2-27,163.6,454,5.67,210,0.0774,0.027,89.20353982,455,16.5,TexMex_BFL,HAL_II
B1316,BFL,MCM.1.G1,MCM1,Filipes,PD20-4,240,379,16.43,222.6287263,0.2167,0.0738,86.13622664,334,14,Filipes_BFL,FIL
B1317,BFL,BUS.3.G1,BUS3,West,PD10-24,132.5,419,9.05,195.8874459,0.139,0.0462,85.92592593,413,15,West_BFL,HAL_I
B1318,BFL,SLS.5.G3,SLS5,TexMex,PD20-5,NA,36,4.01,199.5024876,0.0494,0.0201,69.10377358,381,19.5,TexMex_BFL,HAL_II
B1319,BFL,NDD.1.G1,NDD1,TexMex,PD2-28,198,505,6.41,224.9122807,0.0996,0.0285,91.50579151,429,16,TexMex_BFL,HAL_II
B1320,BFL,BEX.14.G1,BEX14,CenTex,PD10-25,204.89,487,8.76,199.5444191,0.1359,0.0439,90.10773751,410,14.5,CenTex_BFL,HAL_I
B1321,BFL,PDL.4.G1,PDL4,West,PD20-6,123.39,367,10.75,239.9553571,0.1329,0.0448,78.66071429,329,19.5,West_BFL,HAL_I
B1323,BFL,POI.3.G4,POI3,Sym,PD20-8,369.49,889,7.37,216.7647059,0.0959,0.034,89.58031838,484,17,Sym_BFL,HAL_II
B1324,BFL,CAM.1.G1,CAM1,Filipes,PD10-26,838,508,24.03,203.2994924,0.3862,0.1182,92.63740062,411,12.5,Filipes_BFL,FIL
B1325,BFL,HDS.1.G1,HDS1,CenTex,PD20-9,69.19,215,9.43,239.9491094,0.1155,0.0393,84.2920354,405,14.5,CenTex_BFL,HAL_I
B1326,BFL,UVL.1A.G3,UVL1A,Sym,PD4-26,243.4,462,9.53,269.9716714,0.1266,0.0353,90.48562934,368,12.5,Sym_BFL,HAL_II
B1327,BFL,BOS.3.G1,BOS3,West,PD10-27,207.5,510,12.35,203.7953795,0.1832,0.0606,89.16363636,472,12.5,West_BFL,HAL_I
B1328,BFL,SVN.3.G2,SVN3,West,PD9-28,216.2,421,12.91,198.006135,0.1878,0.0652,85.91450596,482,16,West_BFL,HAL_I
B1329,BFL,ELG.56.G2,ELG56,West,PD6-28,102.39,419,8.41,220.7349081,0.1039,0.0381,75.2,550,17,West_BFL,HAL_I
B1330,BFL,SMT.1.G2,SMT1,TexMex,PD20-11,150.89,741,5.2,192.5925926,0.0784,0.027,85.66666667,481,12.5,TexMex_BFL,HAL_II
B1331,BFL,COR.18.G2,COR18,TexMex,PD20-12,70.09,299,6.97,202.0289855,0.1011,0.0345,82.63027295,433,15.5,TexMex_BFL,HAL_II
B1332,BFL,CBS.6.G1,CBS6,CenTex,PD4-28,131.39,563,9.44,228.0193237,0.1308,0.0414,85.87896254,437,14.5,CenTex_BFL,HAL_I
B1333,BFL,RAN.5.G1,RAN5,West,PD20-13,150.99,356,11.21,213.1178707,0.1732,0.0526,89.73214286,379,13,West_BFL,HAL_I
B1334,BFL,ARR.1A.G2,ARR1A,West,PD10-28,187.19,578,11.83,194.892916,0.1811,0.0607,90.25487256,422,14.5,West_BFL,HAL_I
B1335,BFL,CCO.2.F,CCO2,West,PD10-29,80.19,312,8.71,222.1938776,0.1232,0.0392,91.60305344,396,13.5,West_BFL,HAL_I
B1336,BFL,MKF.1.G1,MKF1,CenTex,PD20-14,176,491,8.62,204.7505938,0.1151,0.0421,88.16425121,482,14,CenTex_BFL,HAL_I
B1337,BFL,DOF.11.G1,DOF11,TexMex,PD20-15,153.29,422,6.33,226.0714286,0.0843,0.028,88.24451411,410,15.5,TexMex_BFL,HAL_II
B1338,BFL,COR.18.G2,COR18,TexMex,PD20-16,45.29,238,7.53,226.1261261,0.0982,0.0333,87.11409396,521,12.5,TexMex_BFL,HAL_II
B1341,BFL,BME.2.G1,BME2,West,PD7-24,NA,NA,NA,NA,NA,NA,NA,NA,NA,West_BFL,HAL_I
B1401,BFL,LOS.2.G1,LOS2,West,PD20-19,29.59,109,8.82,252.722063,0.1292,0.0349,91.64237123,399,15,West_BFL,HAL_I
B1402,BFL,ARB.1.G2,ARB1,CenTex,PD1-22,48.89,202,7.93,212.0320856,0.1152,0.0374,96.52605459,441,9,CenTex_BFL,HAL_I
B1403,BFL,SMF.BK.F,SMFBK,CenTex,PD20-20,43.59,143,7.23,209.5652174,0.1042,0.0345,92.4403183,426,10,CenTex_BFL,HAL_I
B1404,BFL,ARA.1.G1,ARA1,Filipes,PD10-30,166.1,172,14.75,193.3158585,0.14242,0.0763,41.92771084,462,14,Filipes_BFL,FIL
B1405,BFL,EPS.1C.G1,EPS1C,Filipes,PD20-21,82.29,150,8.75,237.7717391,0.1208,0.0368,95.67198178,413,11.5,Filipes_BFL,FIL
B1406,BFL,BBF.5.G1,BBF5,TexMex,PD1-26,37.99,134,6.08,222.7106227,0.0882,0.0273,95.90551181,493,13.5,TexMex_BFL,HAL_II
B1407,BFL,KNT.14A.G2,KNT14A,West,PD20-22,62.79,120,8.76,253.1791908,0.1268,0.0346,95.24793388,428,13,West_BFL,HAL_I
B1408,BFL,BBD.5.G1,BBD5,TexMex,PD14-1,76.09,173,4.18,205.91133,0.0532,0.0203,87.5,375,10.5,TexMex_BFL,HAL_II
B1409,BFL,LOS.2.G1,LOS2,West,PD20-23,39.69,141,6.62,262.6984127,0.0558,0.0252,43.40425532,474,13.5,West_BFL,HAL_I
B1410,BFL,STW.12.G1,STW12,CenTex,PD20-24,56.19,252,4.69,266.4772727,0.0885,0.0176,NA,473,8.5,CenTex_BFL,HAL_I
B1411,BFL,SPR.30.G3,SPR30,West,PD20-25,22.09,53,8.63,215.2119701,0.1306,0.0401,97.41657696,493,10,West_BFL,HAL_I
B1412,BFL,BME.2.G1,BME2,West,PD7-25,73.49,191,6.97,240.3448276,0.097,0.029,92.39130435,431,7.5,West_BFL,HAL_I
B1413,BFL,ALI.4.G1,ALI4,West,PD14-2,45.29,167,5.81,235.2226721,0.0786,0.0247,93.73913043,446,14,West_BFL,HAL_I
B1414,BFL,LBY.3.G2,LBY3,West,PD8-27,70.39,165,9.74,237.5609756,0.1533,0.041,96.06501283,458,10.5,West_BFL,HAL_I
B1416,BFL,ARB.1.G2,ARB1,CenTex,PD1-23,175.89,292,8.03,223.6768802,0.1098,0.0359,93.19041614,455,11.5,CenTex_BFL,HAL_I
B1417,BFL,PRT.4.G1,PRT4,West,PD7-22,132.49,223,8.46,264.375,0.1293,0.032,96.62363456,417,9.5,West_BFL,HAL_I
B1418,BFL,GEO.1A.G1,GEO1A,West,PD6-26,NA,31,9.33,237.4045802,0.1284,0.0393,95.29411765,428,11.5,West_BFL,HAL_I
B1420,BFL,PDF.1.G1,PDF1,West,PD2-25,55.19,232,8.71,206.888361,0.1186,0.0421,93.63525092,435,8,West_BFL,HAL_I
B1421,BFL,PCR.61.G1,PCR61,West,PD9-23,NA,17,4.66,164.084507,0.072,0.0284,96.46017699,484,14,West_BFL,HAL_I
B1422,BFL,CLA.1A.G1,CLA1A,West,PD14-3,NA,34,4.15,200.4830918,0.057,0.0207,87.46987952,866,13.5,West_BFL,HAL_I
B1423,BFL,LMA.4.G2,LMA4,CenTex,PD20-26,52.19,345,7.61,245.483871,0.1021,0.031,97.79917469,36,11.5,CenTex_BFL,HAL_I
B1424,BFL,PIS.2.G2,PIS2,Sym,PD20-27,198.29,721,9.19,211.7511521,0.1278,0.0434,86.21041879,426,12,Sym_BFL,HAL_II
B1425,BFL,ELG.50.G2,ELG50,West,PD6-23,NA,85,10.75,196.5265082,0.1371,0.0547,89.76034858,466,15,West_BFL,HAL_I
B1426,BFL,ZAP.1.G1,ZAP1,Filipes,PD20-28,155.19,208,12.28,213.5652174,0.1748,0.0575,89.26940639,376,14.5,Coastal_BFL,FIL
B1427,BFL,STW.12.G1,STW12,CenTex,PD20-29,139.49,422,5.87,221.509434,0.0845,0.0265,92.3566879,468,9.5,CenTex_BFL,HAL_I
B1428,BFL,BME.2.G1,BME2,West,PD7-26,76.09,214,7.67,216.056338,0.1098,0.0355,87.20657277,445,9.5,West_BFL,HAL_I
B1429,BFL,HAL.2.G1,HAL2,CenTex,PD5-30,71.59,417,7.38,205,0.1117,0.036,91.86893204,463,14.5,CenTex_BFL,HAL_I
B1430,BFL,CLD.3.G1,CLD3,West,PD14-4,138.39,390,10.66,205.3949904,0.1675,0.0519,90.59561129,450,12,West_BFL,HAL_I
B1431,BFL,GNH.10.G2,GNH10,Sym,PD2-22,282.3,460,7.34,215.2492669,0.0977,0.0341,92.84671533,455,12,Sym_BFL,HAL_II
B1432,BFL,CNF.2.G1,CNF2,West,PD14-5,195.8,237,13.21,193.4114202,0.198,0.0683,90.5094208,469,11.5,West_BFL,HAL_I
B1433,BFL,PAB.1.F,PAB1,Filipes,PD20-30,197.9,267,11.89,200.8445946,0.1642,0.0592,87.13692946,366,12.5,Coastal_BFL,FIL
B1434,BFL,PDF.1.G1,PDF1,West,PD2-26,104.49,286,10.65,211.3095238,0.163,0.0504,91.17408907,380,13,West_BFL,HAL_I
B1435,BFL,LME.5.G1,LME5,West,PD9-22,48.09,199,7.8,178.4897025,0.1153,0.0437,96.75675676,475,11.5,West_BFL,HAL_I
B1436,BFL,MCR.19.G2,MCR19,West,PD24-7,119.4,186,9.23,217.1764706,0.1272,0.0425,90.97744361,466,13.5,West_BFL,HAL_I
B1437,BFL,CRS.3.G1,CRS3,West,PD24-8,34.49,133,7.52,227.8787879,0.968,0.033,NA,344,7.5,West_BFL,HAL_I
B1439,BFL,BUS.3.G1,BUS3,West,PD14-6,21.19,140,5.88,243.9834025,0.852,0.0241,NA,405,14.5,West_BFL,HAL_I
B1440,BFL,CLA.1A.G1,CLA1A,West,PD14-7,NA,29,2.38,222.4299065,0.0326,0.0107,91.63179916,410,9.5,West_BFL,HAL_I
B1441,BFL,BEL.3.G1,BEL3,CenTex,PD14-8,47.59,240,3.82,276.8115942,0.0482,0.0138,88.20512821,472,7,CenTex_BFL,HAL_I
B1501,BFL,CAM.1.G1,CAM1,Filipes,PD14-9,115.4,189,11.36,202.8571429,0.1594,0.056,91.26213592,428,11,Filipes_BFL,FIL
B1502,BFL,HAL.2.G1,HAL2,CenTex,PD21-1,36.09,134,6.11,225.4612546,0.0861,0.0271,92.04368175,349,10.5,CenTex_BFL,HAL_I
B1504,BFL,GRA.1.G1,GRA1,West,PD21-3,31.09,108,7.52,229.969419,0.0966,0.0327,97.40853659,339,10.5,West_BFL,HAL_I
B1505,BFL,SMF.BK.F,SMFBK,CenTex,PD21-4,28.89,173,6.35,222.8070175,0.0865,0.0285,91.91759113,391,10,CenTex_BFL,HAL_I
B1506,BFL,PAJ.17.G1,PAJ17,Sym,PD3-23,20.79,106,5.25,261.1940299,0.0609,0.0201,87.93103448,336,12.5,Sym_BFL,HAL_II
B1507,BFL,SVN.3.G2,SVN3,West,PD9-29,17.29,67,5.38,243.438914,0.0722,0.0221,92.09558824,344,9.5,West_BFL,HAL_I
B1508,BFL,CLA.1A.G1,CLA1A,West,PD21-5,5.89,47,8,221.6066482,0.1332,0.0361,93.81642512,378,8,West_BFL,HAL_I
B1509,BFL,CNF.2.G1,CNF2,West,PD21-6,11.89,65,4.65,254.0983607,0.0605,0.0183,87.01030928,384,9.5,West_BFL,HAL_I
B1510,BFL,KER.10.G1,KER10,CenTex,PD21-7,7.99,75,5.21,236.8181818,0.0715,0.022,97.82608696,288,12.5,CenTex_BFL,HAL_I
B1511,BFL,SAP.6.G1,SAP6,TexMex,PD21-8,84.09,387,6.75,261.627907,0.1001,0.0258,NA,323,8,TexMex_BFL,HAL_II
B1512,BFL,ABI.1.G3,ABI1,CenTex,PD14-10,41.89,363,4.25,256.0240964,0.049,0.0166,89.01098901,299,9.5,CenTex_BFL,HAL_I
B1513,BFL,AWR.1.G1,AWR1,Filipes,PD14-11,170.1,233,7.5,230.0613497,0.0958,0.0326,98.59594384,285,13.5,Filipes_BFL,FIL
B1514,BFL,ARA.1.G1,ARA1,Filipes,PD21-9,569.5,403,17.26,197.2571429,0.2546,0.0875,89.69404187,279,14.5,Filipes_BFL,FIL
B1515,BFL,SAN.9.G1,SAN9,TexMex,PD21-10,51.99,342,3.06,285.9813084,0.0394,0.0107,93.79084967,257,10.5,TexMex_BFL,HAL_II
B1516,BFL,ZAP.1.G1,ZAP1,Filipes,PD21-11,403.8,239,15.71,237.6701967,0.2122,0.0661,90.57656541,382,12.5,Coastal_BFL,FIL
B1517,BFL,BAN.17.G1,BAN17,CenTex,PD21-12,101.69,324,6.34,232.2344322,0.0891,0.0273,92.79279279,427,15,CenTex_BFL,HAL_I
B1518,BFL,JHC.3.G2,JHC3,TexMex,PD21-13,128.3,710,5.34,207.7821012,0.0747,0.0257,85.06944444,276,9,TexMex_BFL,HAL_II
B1519,BFL,SEV.2.G1,SEV2,West,PD9-26,112.8,288,7.56,200.530504,0.1427,0.0377,94.85094851,537,13,West_BFL,HAL_I
B1520,BFL,NDP.2.G3,NDP2,Filipes,PD21-14,379.2,536,10.1,186.0036832,0.1484,0.0543,91.71539961,441,15,Filipes_BFL,FIL
B1521,BFL,SMT.1.G2,SMT1,TexMex,PD21-15,220.4,546,10.13,217.3819742,0.1456,0.0466,95.74468085,446,16,TexMex_BFL,HAL_II
B1522,BFL,SVN.3.G2,SVN3,West,PD9-30,107.19,217,10.21,237.4418605,0.1554,0.043,96.39794168,365,13,West_BFL,HAL_I
B1523,BFL,SAN.9.G1,SAN9,TexMex,PD21-16,100.59,418,6.6,266.1290323,0.0886,0.0248,87.39726027,382,9.5,TexMex_BFL,HAL_II
B1524,BFL,CRC.1.G1,CRC1,West,PD5-29,56.19,251,6.52,221.7687075,0.0867,0.0294,94.55445545,351,14,West_BFL,HAL_I
B1525,BFL,ALI.4.G1,ALI4,West,PD21-17,84.09,270,7.45,247.5083056,0.1192,0.0301,92.33160622,435,11,West_BFL,HAL_I
B1529,BFL,PCR.61.G1,PCR61,West,PD9-24,144.59,190,7.57,247.3856209,0.1044,0.0306,98.92761394,311,12.5,West_BFL,HAL_I
B1530,BFL,GNH.10.G2,GNH10,Sym,PD2-23,251.39,464,9.63,214.4766147,0.1194,0.0449,88.58501784,446,13,Sym_BFL,HAL_II
B1531,BFL,SLS.5.G3,SLS5,TexMex,PD21-20,463.9,678,3.48,214.8148148,0.044,0.0162,88.53503185,417,14,TexMex_BFL,HAL_II
B1532,BFL,BEL.3.G1,BEL3,CenTex,PD14-12,82.49,264,5.21,206.7460317,0.0752,0.0252,95.05703422,437,14.5,CenTex_BFL,HAL_I
B1533,BFL,BUR.8.G1,BUR8,Sym,PD5-22,349.3,422,10.13,197.0817121,0.1481,0.0514,88.87867647,260,16,Sym_BFL,HAL_II
B1534,BFL,ESE.2.G1,ESE2,CenTex,PD21-21,97.59,236,5.23,218.8284519,0.0759,0.0239,88.13559322,290,11,CenTex_BFL,HAL_I
B1535,BFL,ZAP.1.G1,ZAP1,Filipes,PD21-22,245.6,222,18.36,211.2773303,0.2707,0.0869,93.39430894,330,15,Coastal_BFL,FIL
B1536,BFL,KEN.3.G1,KEN3,TexMex,PD21-23,184.4,336,11.7,214.6788991,0.1833,0.0545,93.40101523,307,11.5,TexMex_BFL,HAL_II
B1538,BFL,PDS.1.G1,PDS1,West,PD21-25,69.09,188,4.89,201.2345679,0.0721,0.0243,95.02982107,582,16,West_BFL,HAL_I
B1539,BFL,JHC.3.G2,JHC3,TexMex,PD21-26,56.49,334,3.72,197.8723404,0.0533,0.0188,89.61038961,574,13.5,TexMex_BFL,HAL_II
B1541,BFL,COM.12.G2,COM12,TexMex,PD8-23,0.59,34,2.78,224.1935484,0.0406,0.0124,92.76315789,468,11,TexMex_BFL,HAL_II
B1601,BFL,GNF.1.G1,GNF1,Filipes,PD21-27,0.79,34,5.53,177.8135048,0.088,0.0311,87.13629403,667,9,Filipes_BFL,FIL
B1602,BFL,BOS.3.G1,BOS3,West,PD21-28,54.39,219,9.46,208.8300221,0.1297,0.0453,90.26737968,436,14.5,West_BFL,HAL_I
B1604,BFL,COR.18.G2,COR18,TexMex,PD21-29,4.39,52,5.67,248.6842105,0.0719,0.0228,84.94809689,539,12,TexMex_BFL,HAL_II
B1605,BFL,ATA.1.G1,ATA1,TexMex,PD21-30,28.99,194,4.96,244.3349754,0.0572,0.0203,92.25,589,11,TexMex_BFL,HAL_II
B1606,BFL,NOH.5.G2,NOH5,Filipes,PD25-7,33.09,272,6.14,217.7304965,0.0709,0.0282,81.48854962,614,9.5,Coastal_BFL,FIL
B1607,BFL,CCL.1.F,CCL1,West,PD25-8,7.79,76,4.25,204.3269231,0.062,0.0208,91.55555556,600,14,West_BFL,HAL_I
B1608,BFL,CKR.15.G3,CKR15,West,PD7-27,33.79,137,5.06,290.8045977,0.0613,0.0174,92.61603376,498,15,West_BFL,HAL_I
B1609,BFL,PAB.1.F,PAB1,Filipes,PD22-1,46.39,143,8.52,208.8235294,0.1397,0.0408,99.09819639,536,15.5,Coastal_BFL,FIL
B1610,BFL,TNK.2.F,TNK2,West,PD22-2,3.49,73,7.57,240.3174603,0.1065,0.0315,92.13759214,482,12.5,West_BFL,HAL_I
B1611,BFL,SEV.2.G1,SEV2,West,PD9-27,6.39,77,4.66,198.2978723,0.0702,0.0235,90.32882012,634,12,West_BFL,HAL_I
B1612,BFL,CAM.1.G1,CAM1,Filipes,PD14-13,283.4,213,10.7,203.8095238,0.1518,0.0525,96.68938656,465,15,Filipes_BFL,FIL
B1613,BFL,PDB.2.G2,PDB2,West,PD22-3,111.8,271,9.61,219.9084668,0.1338,0.0437,92.31557377,411,10,West_BFL,HAL_I
B1615,BFL,PIN.1.G2,PIN1,West,PD22-5,85.29,216,10.8,213.4387352,0.1713,0.0506,90.27673897,565,12.5,West_BFL,HAL_I
B1616,BFL,NDP.2.G3,NDP2,Filipes,PD22-6,210.4,442,8.25,184.9775785,0.1249,0.0446,89.12319645,604,9.5,Filipes_BFL,FIL
B1617,BFL,CKR.15.G3,CKR15,West,PD7-28,208.8,486,13.01,319.6560197,0.1927,0.0407,87.20596672,576,12.5,West_BFL,HAL_I
B1619,BFL,MCM.1.G1,MCM1,Filipes,PD22-7,271.2,476,10.36,222.7956989,0.1242,0.0465,79.61065574,671,12.5,Filipes_BFL,FIL
B1620,BFL,KEN.3.G1,KEN3,TexMex,PD22-8,100.7,423,NA,NA,NA,NA,NA,478,13,TexMex_BFL,HAL_II
B1622,BFL,SMF.BK.F,SMFBK,CenTex,PD22-9,82.79,428,6.6,214.2857143,0.0942,0.0308,86.2585034,606,9.5,CenTex_BFL,HAL_I
B1623,BFL,BUS.3.G1,BUS3,West,PD14-14,46.09,285,4.33,227.8947368,0.0539,0.019,80.41474654,415,10,West_BFL,HAL_I
B1624,BFL,PIS.2.G2,PIS2,Sym,PD22-10,199.8,592,5.13,219.2307692,0.0651,0.0234,88.16067653,471,10.5,Sym_BFL,HAL_II
B1626,BFL,CKR.15.G3,CKR15,West,PD7-29,153.19,341,9.32,218.7793427,0.1334,0.0426,88.84540117,519,11.5,West_BFL,HAL_I
B1627,BFL,NOH.5.G2,NOH5,Filipes,PD22-11,150.79,584,4.75,231.7073171,0.0561,0.0205,86.61800487,523,16,Coastal_BFL,FIL
B1628,BFL,NMX.1.G1,NMX1,West,PD22-12,114.79,126,18.03,204.4217687,0.2833,0.0882,92.55218216,393,18,West_BFL,HAL_I
B1629,BFL,HUE.19.G2,HUE19,Sym,PD22-13,194.39,541,7.66,224.6334311,0.0984,0.0341,91.85714286,472,15.5,Sym_BFL,HAL_II
B1631,BFL,ABI.1.G3,ABI1,CenTex,PD14-15,97.39,523,7.44,208.4033613,0.1031,0.0357,82.90282903,553,15.5,CenTex_BFL,HAL_I
B1632,BFL,SAP.6.G1,SAP6,TexMex,PD22-14,149.79,321,12.63,229.6363636,0.1799,0.055,90.31091829,578,15.5,TexMex_BFL,HAL_II
B1633,BFL,BUR.8.G1,BUR8,Sym,PD5-23,141.99,343,10.16,209.4845361,0.137,0.0485,85.67279768,560,17.5,Sym_BFL,HAL_II
B1634,BFL,CBS.6.G1,CBS6,CenTex,PD4-29,61.79,370,6.48,229.787234,0.0796,0.0282,91.45907473,492,16.5,CenTex_BFL,HAL_I
B1635,BFL,FIL.2A.G2,FIL2A,Filipes,PD22-15,433.8,383,26.85,169.1871456,0.4659,0.1587,88.96611642,420,18,Filipes_BFL,FIL
B1636,BFL,BBD.5.G1,BBD5,TexMex,PD22-16,1.29,40,2.51,236.7924528,0.0278,0.0106,80.75117371,525,15,TexMex_BFL,HAL_II
B1637,BFL,MKF.1.G1,MKF1,CenTex,PD22-17,18.79,136,4.1,262.8205128,0.054,0.0156,93.88753056,432,16,CenTex_BFL,HAL_I
B1638,BFL,WBW.16.G4,WBW16,Sym,PD22-18,58.69,218,4.8,220.1834862,0.0593,0.0218,85.81235698,531,15.5,Sym_BFL,HAL_II
B1639,BFL,GMO.5.G1,GMO5,West,PD8-24,3.69,49,6.15,237.4517375,0.0803,0.0259,90.96989967,593,13,West_BFL,HAL_I
B1640,BFL,FIL.2A.G2,FIL2A,Filipes,PD22-19,230.7,302,9.61,197.7366255,0.1383,0.0486,89.43170489,453,17,Filipes_BFL,FIL
B1701,BFL,PAB.1.F,PAB1,Filipes,PD22-20,NA,26,2.82,225.6,0.038,0.0125,88.23529412,524,12.5,Coastal_BFL,FIL
B1704,BFL,BAN.17.G1,BAN17,CenTex,PD22-22,34.89,160,4.4,247.1910112,0.055,0.0178,90.29126214,403,12.5,CenTex_BFL,HAL_I
B1705,BFL,CCL.1.F,CCL1,West,PD14-16,NA,NA,3.32,245.9259259,0.0404,0.0135,89.36877076,480,11.5,West_BFL,HAL_I
B1706,BFL,PDS.1.G1,PDS1,West,PD22-23,NA,NA,NA,NA,NA,NA,NA,NA,NA,West_BFL,HAL_I
B1707,BFL,PIN.1.G2,PIN1,West,PD22-24,NA,NA,4.97,236.6666667,0.644,0.021,NA,466,13,West_BFL,HAL_I
B1708,BFL,SEM.2A.G2,SEM2A,TexMex,PD3-26,1.59,39,1.71,192.1348315,0.0231,0.0089,88.75,1090,10.5,TexMex_BFL,HAL_II
B1709,BFL,COL.6.G1,COL6,Sym,PD22-25,33.89,135,4.26,266.25,0.504,0.016,NA,884,11.5,Sym_BFL,HAL_II
B1711,BFL,LAR.1A.G2,LAR1A,Filipes,PD22-26,28.29,63,4.61,256.1111111,0.0455,0.018,87.02531646,365,15.5,Filipes_BFL,FIL
B1712,BFL,LBY.3.G2,LBY3,West,PD8-28,1.89,28,NA,NA,NA,NA,NA,482,12.5,West_BFL,HAL_I
B1713,BFL,PDL.4.G1,PDL4,West,PD22-27,58.29,235,9.25,219.7149644,0.1354,0.0421,95.79055441,390,14.5,West_BFL,HAL_I
B1714,BFL,LAR.1A.G2,LAR1A,Filipes,PD22-28,144.4,247,12.72,223.943662,0.1514,0.0568,86.78899083,449,15.5,Filipes_BFL,FIL
B1715,BFL,NDD.1.G1,NDD1,TexMex,PD2-29,19.29,198,7.79,210.5405405,0.1015,0.037,89.08839779,434,15.5,TexMex_BFL,HAL_II
B1716,BFL,WBW.16.G4,WBW16,Sym,PD22-29,108,401,7.17,208.4302326,0.1029,0.0344,91.4552737,428,13,Sym_BFL,HAL_II
B1717,BFL,GMO.5.G1,GMO5,West,PD8-25,54.69,108,14.18,253.2142857,0.1856,0.056,83.82923674,479,11.5,West_BFL,HAL_I
B1718,BFL,PDB.2.G2,PDB2,West,PD22-30,34.29,101,9.55,218.5354691,0.1407,0.0437,90.73900842,356,13.5,West_BFL,HAL_I
B1720,BFL,GNF.1.G1,GNF1,Filipes,PD24-10,164.9,304,7.67,198.7046632,0.1041,0.0386,83.01647655,492,16,Filipes_BFL,FIL
B1726,BFL,GMO.5.G1,GMO5,West,PD8-26,25.19,101,8.98,198.2339956,0.1379,0.0453,92.32303091,344,13.5,West_BFL,HAL_I
B1727,BFL,HDS.1.G1,HDS1,CenTex,PD23-6,7.09,54,4.24,247.9532164,0.0463,0.0171,75.06426735,359,15,CenTex_BFL,HAL_I
B1728,BFL,KIC.6.G3,KIC6,TexMex,PD23-7,121.39,464,3.48,210.9090909,0.0427,0.0165,89.41979522,347,14.5,TexMex_BFL,HAL_II
B1729,BFL,BOS.3.G1,BOS3,West,PD14-18,107.29,333,7.19,184.3589744,0.102,0.039,92.64705882,312,15.5,West_BFL,HAL_I
B1730,BFL,CLD.3.G1,CLD3,West,PD14-19,44.79,127,8.97,231.7829457,0.1276,0.0387,91.55509784,304,13,West_BFL,HAL_I
B1731,BFL,STW.12.G1,STW12,CenTex,PD23-8,80.29,389,5.26,213.8211382,0.0722,0.0246,84.6975089,453,15,CenTex_BFL,HAL_I
B1732,BFL,PRT.4.G1,PRT4,West,PD7-23,44.39,168,7.5,219.941349,0.1025,0.0341,91.44385027,299,14,West_BFL,HAL_I
B1735,BFL,HWY.1.G1,HWY1,West,PD23-9,11.19,74,6.27,209,0.0835,0.03,86.56957929,383,17,West_BFL,HAL_I
B1736,BFL,ATA.1.G1,ATA1,TexMex,PD14-20,23.49,149,3.96,240,0.0482,0.0165,89.5480226,275,13.5,TexMex_BFL,HAL_II
B1738,BFL,NMX.1.G1,NMX1,West,PD23-10,18.89,68,10.14,206.9387755,0.1456,0.049,92.88461538,403,18,West_BFL,HAL_I
B1739,BFL,PDL.4.G1,PDL4,West,PD23-11,NA,28,3.72,254.7945205,0.0471,0.0146,89.04109589,292,15.5,West_BFL,HAL_I
B1740,BFL,AWR.1.G1,AWR1,Filipes,PD23-12,NA,NA,NA,NA,NA,NA,NA,366,15,Filipes_BFL,FIL
B1741,BFL,WBW.16.G4,WBW16,Sym,PD23-13,4.99,88,2.58,209.7560976,0.0328,0.0123,92.34234234,337,16,Sym_BFL,HAL_II
K1002,KINGS,COL.6.G1,COL6,Sym,PD12-1,33.29,106,10.44,235.6659142,0.1511,0.0443,83.11284047,633,10.5,Sym_KINGS,HAL_II
K1003,KINGS,UVL.1A.G3,UVL1A,Sym,PD4-14,97.69,253,9.18,234.7826087,0.1285,0.0391,92.16494845,572,13,Sym_KINGS,HAL_II
K1004,KINGS,ESE.2.G1,ESE2,CenTex,PD12-2,139.79,478,11.38,188.410596,0.1739,0.0604,87.71251932,671,13,CenTex_KINGS,HAL_I
K1005,KINGS,ART.1.G2,ART1,West,PD12-3,50.19,188,15.58,207.4567244,0.2403,0.0751,89.4907909,639,13.5,West_KINGS,HAL_I
K1007,KINGS,PDL.4.G1,PDL4,West,PD12-4,168.49,257,15.32,217.6136364,0.2152,0.0704,83.69942197,575,16.5,West_KINGS,HAL_I
K1008,KINGS,CNF.2.G1,CNF2,West,PD12-5,79.49,164,14.33,191.0666667,0.2133,0.075,82.61648746,647,13.5,West_KINGS,HAL_I
K1009,KINGS,ZAP.1.G1,ZAP1,Filipes,PD12-6,207.2,314,21.56,204.7483381,0.334,0.1053,91.15185333,524,15,Coastal_KINGS,FIL
K1010,KINGS,FIL.2A.G2,FIL2A,Filipes,PD12-7,412.3,489,25.56,181.405252,0.4215,0.1409,84.69664956,516,13.5,Filipes_KINGS,FIL
K1011,KINGS,PAB.1.F,PAB1,Filipes,PD12-8,189.69,287,7.77,156.3380282,0.1314,0.0497,89.28961749,606,15.5,Coastal_KINGS,FIL
K1013,KINGS,NDP.2.G3,NDP2,Filipes,PD15-1,135.69,202,8.54,190.625,0.1346,0.0448,89.35323383,563,15,Filipes_KINGS,FIL
K1014,KINGS,PCR.61.G1,PCR61,West,PD9-12,59.09,183,14.42,186.545925,0.2538,0.0773,87.72365805,534,15,West_KINGS,HAL_I
K1015,KINGS,LOS.2.G1,LOS2,West,PD12-9,58.89,139,8.72,177.9591837,0.1405,0.049,85.91549296,573,16,West_KINGS,HAL_I
K1016,KINGS,SMT.1.G2,SMT1,TexMex,PD12-10,36.79,258,4.92,274.8603352,0.0681,0.0179,89.96415771,544,16,TexMex_KINGS,HAL_II
K1017,KINGS,COL.6.G1,COL6,Sym,PD12-11,14.19,98,7.89,214.986376,0.1179,0.0367,84.49531738,461,15,Sym_KINGS,HAL_II
K1101,KINGS,ELG.50.G2,ELG50,West,PD6-9,66.09,140,18.98,218.1609195,0.309,0.087,91.62195625,533,15,West_KINGS,HAL_I
K1102,KINGS,SLS.5.G3,SLS5,TexMex,PD12-12,166.19,540,8.17,208.9514066,0.1258,0.0391,91.64904863,558,16.5,TexMex_KINGS,HAL_II
K1103,KINGS,PAJ.17.G1,PAJ17,Sym,PD3-11,118.49,443,8.76,231.7460317,0.1145,0.0378,91.20095125,584,18.5,Sym_KINGS,HAL_II
K1104,KINGS,BUS.3.G1,BUS3,West,PD12-13,128.99,313,11.44,182.4561404,0.1845,0.0627,91.51014275,518,17,West_KINGS,HAL_I
K1104(2),KINGS,BUS.3.G1,BUS3,West,PD24-12,NA,NA,NA,NA,NA,NA,NA,NA,NA,West_KINGS,HAL_I
K1106,KINGS,SVN.3.G2,SVN3,West,PD9-18,260.5,557,18.35,188.2051282,0.3197,0.0975,92.39085239,559,15,West_KINGS,HAL_I
K1108,KINGS,KIC.6.G3,KIC6,TexMex,PD15-3,67.49,312,5.91,195.049505,0.0816,0.0303,86.80203046,589,17.5,TexMex_KINGS,HAL_II
K1109,KINGS,SNO.7.G1,SNO7,West,PD15-4,43.39,178,14.93,234.0125392,0.2421,0.0638,92.28778468,599,17,West_KINGS,HAL_I
K1110,KINGS,UVL.1A.G3,UVL1A,Sym,PD4-15,97.19,325,11.7,231.6831683,0.1517,0.0505,89.63684677,592,14.5,Sym_KINGS,HAL_II
K1111,KINGS,MCM.1.G1,MCM1,Filipes,PD15-5,228.9,495,13.19,228.5961872,0.1766,0.0577,92.81811085,599,19.5,Filipes_KINGS,FIL
K1112,KINGS,ESE.2.G1,ESE2,CenTex,PD12-14,70.69,304,11.01,210.1145038,0.1536,0.0524,85.76271186,536,16,CenTex_KINGS,HAL_I
K1113,KINGS,BOS.3.G1,BOS3,West,PD12-15,77.59,242,12.66,163.5658915,0.2022,0.0774,88.13559322,583,15.5,West_KINGS,HAL_I
K1114,KINGS,CCG.5.G1,CCG5,West,PD6-18,57.49,278,8.99,197.5824176,0.1384,0.0455,89.49903661,583,19.5,West_KINGS,HAL_I
K1115,KINGS,BEL.3.G1,BEL3,CenTex,PD12-16,59.49,285,6.84,212.4223602,0.0949,0.0322,83.82352941,519,18.5,CenTex_KINGS,HAL_I
K1116,KINGS,ART.1.G2,ART1,West,PD15-6,345.6,660,12.17,202.4958403,0.1713,0.0601,89.31726908,509,16,West_KINGS,HAL_I
K1117,KINGS,RAN.5.G1,RAN5,West,PD15-7,105.79,237,14.05,182.230869,0.2111,0.0771,89.93288591,589,14,West_KINGS,HAL_I
K1118,KINGS,LAR.1A.G2,LAR1A,Filipes,PD15-8,121.39,145,16.69,191.3990826,0.2248,0.0872,89.23476005,494,15,Filipes_KINGS,FIL
K1201,KINGS,HAM.1.G1,HAM1,TexMex,PD15-9,63.09,189,5.24,211.2903226,0.0733,0.0248,86.14564831,547,12,TexMex_KINGS,HAL_II
K1202,KINGS,LBY.3.G2,LBY3,West,PD8-17,140.89,360,12.56,227.124774,0.2105,0.0553,90.65420561,563,15,West_KINGS,HAL_I
K1203,KINGS,HAM.1.G1,HAM1,TexMex,PD15-10,53.39,163,5.19,186.0215054,0.0786,0.0279,84.07960199,606,16.5,TexMex_KINGS,HAL_II
K1204,KINGS,HDS.1.G1,HDS1,CenTex,PD15-11,70.89,309,8.79,203.9443155,0.1205,0.0431,84.68271335,645,17.5,CenTex_KINGS,HAL_I
K1205,KINGS,PAJ.17.G1,PAJ17,Sym,PD3-12,55.39,357,10.12,236.4485981,0.1339,0.0428,87.51200768,710,12,Sym_KINGS,HAL_II
K1206,KINGS,GRA.1.G1,GRA1,West,PD15-12,163.59,409,9.01,195.8695652,0.136,0.046,86.62175168,555,11.5,West_KINGS,HAL_I
K1207,KINGS,CLA.1A.G1,CLA1A,West,PD12-17,73.69,332,9.61,207.5593952,0.1448,0.0463,87.71148709,524,15.5,West_KINGS,HAL_I
K1208,KINGS,PDF.1.G1,PDF1,West,PD2-14,26.89,81,9,176.4705882,0.1302,0.051,77.95275591,689,37.5,West_KINGS,HAL_I
K1209,KINGS,SEM.2A.G2,SEM2A,TexMex,PD3-14,54.79,209,5.86,198.6440678,0.0716,0.0295,73.6013986,588,21.5,TexMex_KINGS,HAL_II
K1210,KINGS,CLD.3.G1,CLD3,West,PD12-18,81.19,180,15.76,201.7925736,0.2666,0.0781,88.53922029,458,15,West_KINGS,HAL_I
K1211,KINGS,CHA.2.G1,CHA2,West,PD5-14,55.29,161,8.32,202.9268293,0.136,0.041,88.04448563,551,19,West_KINGS,HAL_I
k1212,KINGS,BME.2.G1,BME2,West,PD7-13,NA,NA,NA,NA,NA,NA,NA,NA,NA,West_KINGS,HAL_I
K1213,KINGS,LBY.3.G2,LBY3,West,PD8-18,87.69,265,13.82,203.8348083,0.2226,0.0678,88.96551724,454,13.5,West_KINGS,HAL_I
K1214,KINGS,NDP.2.G3,NDP2,Filipes,PD15-13,299.6,543,9.73,191.5354331,0.1416,0.0508,85.25821596,563,21,Filipes_KINGS,FIL
K1215,KINGS,GNF.1.G1,GNF1,Filipes,PD12-19,73.89,104,9.67,185.2490421,0.1571,0.0522,90.27538726,541,17,Filipes_KINGS,FIL
K1216,KINGS,FIL.2A.G2,FIL2A,Filipes,PD12-20,438.7,526,20.33,164.7487844,0.364,0.1234,97.09443099,543,14,Filipes_KINGS,FIL
K1217,KINGS,ELG.56.G2,ELG56,West,PD6-15,29.09,123,15.3,212.5,0.2134,0.072,93.39498018,456,12.5,West_KINGS,HAL_I
K1301,KINGS,SLS.5.G3,SLS5,TexMex,PD12-21,161.4,364,8.86,199.1011236,0.1267,0.0445,88.48223897,553,17,TexMex_KINGS,HAL_II
K1302,KINGS,LME.5.G1,LME5,West,PD9-9,108.39,311,13.87,195.0773558,0.1966,0.0711,86.79114799,571,16.5,West_KINGS,HAL_I
K1303,KINGS,CRS.3.G1,CRS3,West,PD12-22,179.09,305,22,217.6063304,0.3589,0.1011,91.12760693,575,14,West_KINGS,HAL_I
K1304,KINGS,BUR.8.G1,BUR8,Sym,PD5-11,140.99,285,6.77,184.4686649,0.1028,0.0367,79.73462002,625,25,Sym_KINGS,HAL_II
K1305,KINGS,NOH.5.G2,NOH5,Filipes,PD12-23,98.19,503,7.99,255.2715655,0.101,0.0313,84.89646772,574,19.5,Coastal_KINGS,FIL
K1306,KINGS,ARB.1.G2,ARB1,CenTex,PD1-11,105.59,387,11.23,200.8944544,0.1747,0.0559,80.10788941,577,19,CenTex_KINGS,HAL_I
K1307,KINGS,STW.12.G1,STW12,CenTex,PD12-24,114.89,328,7.2,211.143695,0.107,0.0341,91.125,538,19.5,CenTex_KINGS,HAL_I
K1308,KINGS,CLD.3.G1,CLD3,West,PD12-25,9.99,177,11.72,187.8205128,0.165,0.0624,82.74193548,614,24,West_KINGS,HAL_I
K1309,KINGS,PIS.2.G2,PIS2,Sym,PD15-14,NA,80,6.7,187.67507,0.0823,0.0357,69.76047904,760,36,Sym_KINGS,HAL_II
K1310,KINGS,SPR.30.G3,SPR30,West,PD15-15,87.99,316,15.3,179.1569087,0.25,0.0854,81.72790467,597,17.5,West_KINGS,HAL_I
K1311,KINGS,ARB.1.G2,ARB1,CenTex,PD1-12,121.19,374,11.6,176.8292683,0.1911,0.0656,88.88101983,596,17,CenTex_KINGS,HAL_I
K1312,KINGS,SAN.9.G1,SAN9,TexMex,PD15-16,98.39,442,5.18,202.34375,0.0693,0.0256,79.31034483,527,18,TexMex_KINGS,HAL_II
K1314,KINGS,BBD.5.G1,BBD5,TexMex,PD12-27,147.39,290,6.35,194.7852761,0.0857,0.0326,84.28571429,552,21.5,TexMex_KINGS,HAL_II
K1315,KINGS,SAP.6.G1,SAP6,TexMex,PD15-17,59.49,215,9.27,192.3236515,0.1394,0.0482,76.5743073,534,20.5,TexMex_KINGS,HAL_II
K1316,KINGS,LBY.3.G2,LBY3,West,PD8-19,56.49,188,20.22,235.6643357,0.3093,0.0858,85.89546503,479,14,West_KINGS,HAL_I
K1317,KINGS,LAR.1A.G2,LAR1A,Filipes,PD15-18,380.9,368,20.96,176.7284992,0.2986,0.1186,90.1352028,525,21.5,Filipes_KINGS,FIL
K1318,KINGS,WBW.16.G4,WBW16,Sym,PD12-28,44.19,195,6.23,198.4076433,0.078,0.0314,81.04347826,497,19,Sym_KINGS,HAL_II
K1401,KINGS,BEE.1A.G3,BEE1A,Sym,PD1-17,106.69,230,13.93,196.4739069,0.1997,0.0709,92.3297491,572,13,Sym_KINGS,HAL_II
K1402,KINGS,MKF.1.G1,MKF1,CenTex,PD15-19,134.99,370,12.17,223.7132353,0.1789,0.0544,91.07534748,466,12.5,CenTex_KINGS,HAL_I
K1403,KINGS,POI.3.G4,POI3,Sym,PD15-20,75.09,327,9.61,202.742616,0.1201,0.0474,86.54761905,615,8,Sym_KINGS,HAL_II
K1404,KINGS,SMF.BK.F,SMFBK,CenTex,PD15-21,80.39,265,12.17,230.4924242,0.1803,0.0528,86.6757308,463,9,CenTex_KINGS,HAL_I
K1405,KINGS,SLS.5.G3,SLS5,TexMex,PD15-22,113.99,360,10.29,200.1945525,0.1489,0.0514,86.05472198,491,10.5,TexMex_KINGS,HAL_II
K1406,KINGS,ALI.4.G1,ALI4,West,PD12-29,123.39,304,9.43,192.8425358,0.1782,0.0489,NA,457,16,West_KINGS,HAL_I
K1407,KINGS,COR.18.G2,COR18,TexMex,PD15-23,41.49,120,10.33,225.0544662,0.1646,0.0459,92.30171073,498,13,TexMex_KINGS,HAL_II
K1408,KINGS,DRB.1.G4,DRB1,TexMex,PD15-24,38.09,176,7.35,193.9313984,0.0957,0.0379,87.04819277,487,15.5,TexMex_KINGS,HAL_II
K1409,KINGS,BBD.5.G1,BBD5,TexMex,PD12-30,27.69,135,8.72,213.202934,0.1179,0.0409,77.38693467,489,16,TexMex_KINGS,HAL_II
K1410,KINGS,SPE.34.G2,SPE34,West,PD3-17,42.29,172,6.49,186.4942529,0.0988,0.0348,86.95652174,445,15.5,West_KINGS,HAL_I
K1411,KINGS,SAP.6.G1,SAP6,TexMex,PD15-25,27.29,108,11.82,292.5742574,0.1726,0.0404,93.16420014,507,15.5,TexMex_KINGS,HAL_II
K1412,KINGS,ELG.50.G2,ELG50,West,PD6-10,50.49,132,14.98,233.3333333,0.2099,0.0642,91.17647059,510,17,West_KINGS,HAL_I
K1413,KINGS,PCR.61.G1,PCR61,West,PD9-13,106.19,226,16.13,189.5417156,0.2855,0.0851,91.46508444,465,15.5,West_KINGS,HAL_I
K1414,KINGS,GNH.10.G2,GNH10,Sym,PD2-11,145.89,320,13.13,199.2412747,0.1764,0.0659,86.19344774,562,10,Sym_KINGS,HAL_II
K1415,KINGS,PDS.1.G1,PDS1,West,PD15-26,125.09,270,19.9,210.8050847,0.3042,0.0944,89.01145524,464,17,West_KINGS,HAL_I
K1416,KINGS,SPE.34.G2,SPE34,West,PD3-18,65.29,256,7.2,203.9660057,0.1126,0.0353,89.67517401,421,14.5,West_KINGS,HAL_I
K1417,KINGS,BBF.5.G1,BBF5,TexMex,PD1-14,48.19,120,7.51,222.1893491,0.0958,0.0338,81.04575163,478,18,TexMex_KINGS,HAL_II
K1501,KINGS,AWR.1.G1,AWR1,Filipes,PD15-27,133.29,205,13.18,211.2179487,0.1997,0.0624,97.44499645,531,15.5,Filipes_KINGS,FIL
K1502,KINGS,GRA.1.G1,GRA1,West,PD15-28,117.19,290,15.44,201.303781,0.2555,0.0767,91.45780051,637,16,West_KINGS,HAL_I
K1503,KINGS,CNF.2.G1,CNF2,West,PD11-1,120.19,245,14.29,194.4217687,0.2036,0.0735,85.70487484,572,17,West_KINGS,HAL_I
K1504,KINGS,LAR.1A.G2,LAR1A,Filipes,PD15-29,344.9,434,12.14,242.3153693,0.1431,0.0501,90.90909091,503,16,Filipes_KINGS,FIL
K1505,KINGS,PAB.1.F,PAB1,Filipes,PD15-30,298.2,379,17.1,179.0575916,0.2919,0.0955,89.96793404,571,14.5,Coastal_KINGS,FIL
K1506,KINGS,PAJ.17.G1,PAJ17,Sym,PD3-13,34.79,184,11.59,241.4583333,0.1452,0.048,90.08341057,562,19.5,Sym_KINGS,HAL_II
K1508,KINGS,GMO.5.G1,GMO5,West,PD8-14,103.29,191,15.94,193.2121212,0.2584,0.0825,91.80584551,581,14.5,West_KINGS,HAL_I
K1509,KINGS,GEO.1A.G1,GEO1A,West,PD6-12,36.89,145,9.09,188.1987578,0.1369,0.0483,89.76697062,586,21,West_KINGS,HAL_I
K1510,KINGS,POI.3.G4,POI3,Sym,PD24-13,188.99,760,6.65,191.091954,0.0915,0.0348,94.02985075,637,23,Sym_KINGS,HAL_II
K1511,KINGS,PDB.2.G2,PDB2,West,PD16-1,93.99,444,11.76,169.4524496,0.1798,0.0694,88.32,555,15,West_KINGS,HAL_I
K1512,KINGS,NOH.5.G2,NOH5,Filipes,PD16-2,135.89,345,11.77,208.3185841,0.1639,0.0565,64.85507246,595,18,Coastal_KINGS,FIL
K1513,KINGS,SNO.7.G1,SNO7,West,PD16-3,73.19,173,13.26,186.7605634,0.2051,0.071,94.83734088,540,15,West_KINGS,HAL_I
K1514,KINGS,MCR.19.G2,MCR19,West,PD16-4,157.69,430,17.48,211.1111111,0.2932,0.0828,95.63636364,545,15.5,West_KINGS,HAL_I
K1515,KINGS,CCO.2.F,CCO2,West,PD11-2,42.69,203,10,219.7802198,0.1508,0.0455,90,476,14,West_KINGS,HAL_I
K1516,KINGS,KNT.14A.G2,KNT14A,West,PD16-5,81.39,234,20.69,229.6337403,0.3147,0.0901,91.93614409,571,10.5,West_KINGS,HAL_I
K1518,KINGS,PIN.1.G2,PIN1,West,PD16-7,35.79,108,10.3,179.4425087,0.1719,0.0574,90.15748031,414,14.5,West_KINGS,HAL_I
K1603,KINGS,PDB.2.G2,PDB2,West,PD16-10,122.99,385,11.16,276.2376238,0.1825,0.0404,89.93670886,497,12,West_KINGS,HAL_I
K1604,KINGS,DRB.1.G4,DRB1,TexMex,PD16-11,58.99,273,8.57,264.5061728,0.116,0.0324,92.07048458,522,17,TexMex_KINGS,HAL_II
K1605,KINGS,BEX.14.G1,BEX14,CenTex,PD11-3,99.19,303,13.39,169.9238579,0.1884,0.0788,80.58823529,494,18.5,CenTex_KINGS,HAL_I
K1606,KINGS,CRC.1.G1,CRC1,West,PD5-17,120.19,358,8.92,172.2007722,0.1695,0.0518,91.31109387,498,17,West_KINGS,HAL_I
K1607,KINGS,ELG.50.G2,ELG50,West,PD6-11,90.99,295,19.75,196.1271102,0.2858,0.1007,86.01301115,545,12,West_KINGS,HAL_I
K1608,KINGS,SEV.2.G1,SEV2,West,PD9-15,71.59,216,14.53,183.2282472,0.2331,0.0793,88.9017341,469,17.5,West_KINGS,HAL_I
K1609,KINGS,SMT.1.G2,SMT1,TexMex,PD16-12,41.09,140,7.25,230.1587302,0.1186,0.0315,NA,453,22,TexMex_KINGS,HAL_II
K1610,KINGS,CCO.2.F,CCO2,West,PD11-4,45.49,248,9.48,220.979021,0.1348,0.0429,89.5711501,541,12,West_KINGS,HAL_I
K1611,KINGS,ARR.1A.G2,ARR1A,West,PD11-5,24.19,140,7.94,198.0049875,0.1102,0.0401,84.25480769,526,20,West_KINGS,HAL_I
K1614,KINGS,CAM.1.G1,CAM1,Filipes,PD11-6,491.1,469,23.96,185.8805275,0.4046,0.1289,89.51298701,524,17,Filipes_KINGS,FIL
K1615,KINGS,NUE.1.F,NUE1,Filipes,PD16-15,382.1,388,24.21,167.1961326,0.4529,0.1448,86.2783534,484,19.5,Coastal_KINGS,FIL
K1616,KINGS,NMX.1.G1,NMX1,West,PD16-16,73.69,183,15.76,186.5088757,0.2738,0.0845,89.67314069,502,12,West_KINGS,HAL_I
K1617,KINGS,PDF.1.G1,PDF1,West,PD2-15,74.39,240,11.27,201.25,0.1516,0.056,NA,500,15,West_KINGS,HAL_I
K1703,KINGS,GRA.1.G1,GRA1,West,PD16-19,97.39,290,11.66,218.3520599,0.1683,0.0534,87.04545455,562,18.5,West_KINGS,HAL_I
K1704,KINGS,STW.12.G1,STW12,CenTex,PD16-20,69.19,350,8.33,244.2815249,0.1116,0.0341,88.67276888,580,19,CenTex_KINGS,HAL_I
K1705,KINGS,SPJ.2.G2,SPJ2,CenTex,PD4-11,70.39,297,11.1,185.9296482,0.1581,0.0597,83.319221,569,22,CenTex_KINGS,HAL_I
K1706,KINGS,HAL.2.G1,HAL2,CenTex,PD4-20,101.99,375,12.66,305.7971014,0.1958,0.0414,87.28094969,549,19,CenTex_KINGS,HAL_I
K1707,KINGS,COR.18.G2,COR18,TexMex,PD16-21,102.19,284,12.79,303.8004751,0.1878,0.0421,90.89207735,581,20.5,TexMex_KINGS,HAL_II
K1708,KINGS,HUE.19.G2,HUE19,Sym,PD16-22,105.99,344,6.14,188.9230769,0.091,0.0325,86.66666667,652,17,Sym_KINGS,HAL_II
K1709,KINGS,DRB.1.G4,DRB1,TexMex,PD16-23,348.7,488,12.28,208.1355932,0.1723,0.059,87.82945736,441,19.5,TexMex_KINGS,HAL_II
K1710,KINGS,SAN.9.G1,SAN9,TexMex,PD16-24,39.89,225,4.2,242.7745665,0.0537,0.0173,81.79775281,562,18.5,TexMex_KINGS,HAL_II
K1711,KINGS,COR.18.G2,COR18,TexMex,PD16-25,11.39,69,6.93,217.9245283,0.0926,0.0318,85.63380282,562,19.5,TexMex_KINGS,HAL_II
K1712,KINGS,SEV.2.G1,SEV2,West,PD9-16,57.49,174,13.62,192.3728814,0.211,0.0708,87.40648379,437,17,West_KINGS,HAL_I
K1713,KINGS,ZAP.1.G1,ZAP1,Filipes,PD16-26,274.8,330,18.73,211.1612176,0.2699,0.0887,85.91749644,510,21,Coastal_KINGS,FIL
K1714,KINGS,KER.10.G1,KER10,CenTex,PD16-27,102.89,269,11.43,257.4324324,0.1506,0.0444,79.96987952,510,18,CenTex_KINGS,HAL_I
K1715,KINGS,PAB.1.F,PAB1,Filipes,PD16-28,181.4,299,9.13,224.3243243,0.1367,0.0407,93.11348206,486,20,Coastal_KINGS,FIL
k1716,KINGS,PRT.4.G1,PRT4,West,PD7-10,NA,NA,NA,NA,NA,NA,NA,NA,NA,West_KINGS,HAL_I
K1717,KINGS,ELG.56.G2,ELG56,West,PD6-16,70.59,242,17.55,179.4478528,0.2612,0.0978,86,599,20.5,West_KINGS,HAL_I
K1718,KINGS,CKR.15.G3,CKR15,West,PD7-16,40.59,153,13.66,191.3165266,0.2099,0.0714,86.88833124,483,17,West_KINGS,HAL_I
K1801,KINGS,CLA.1A.G1,CLA1A,West,PD11-7,52.39,214,8.11,190.3755869,0.1375,0.0426,83.17265557,576,19.5,West_KINGS,HAL_I
K1804,KINGS,NDP.2.G3,NDP2,Filipes,PD16-30,297.4,403,10.62,210.2970297,0.1445,0.0505,80.96468562,607,20,Filipes_KINGS,FIL
K1805,KINGS,CHA.2.G1,CHA2,West,PD5-15,116.89,427,8.45,191.1764706,0.1289,0.0442,80.4368471,474,14,West_KINGS,HAL_I
K1806,KINGS,KEN.3.G1,KEN3,TexMex,PD24-17,93.29,394,9.56,221.2962963,0.1377,0.0432,80.70025619,475,21,TexMex_KINGS,HAL_II
K1807,KINGS,PIS.2.G2,PIS2,Sym,PD24-18,139.69,583,6.05,206.4846416,0.0771,0.0293,81.15449915,535,16.5,Sym_KINGS,HAL_II
K1808,KINGS,ABI.1.G3,ABI1,CenTex,PD11-9,87.59,293,5.59,229.0983607,0.0668,0.0244,69.73684211,458,9.5,CenTex_KINGS,HAL_I
K1809,KINGS,EPS.1C.G1,EPS1C,Filipes,PD17-1,347.9,527,9.84,221.1235955,0.1376,0.0445,86.36363636,484,18,Filipes_KINGS,FIL
K1810,KINGS,ARR.1A.G2,ARR1A,West,PD11-10,155.89,330,11.67,210.6498195,0.1742,0.0554,86.08695652,530,20,West_KINGS,HAL_I
K1811,KINGS,MCM.1.G1,MCM1,Filipes,PD17-2,452.2,490,12.79,159.079602,0.2286,0.0804,85.07462687,543,17.5,Filipes_KINGS,FIL
K1812,KINGS,SNO.7.G1,SNO7,West,PD17-3,77.19,164,15.19,188.228005,0.2466,0.0807,81.52334152,571,18,West_KINGS,HAL_I
K1813,KINGS,HAM.1.G1,HAM1,TexMex,PD17-4,61.99,170,5.53,201.0909091,0.0765,0.0275,74.69512195,495,18,TexMex_KINGS,HAL_II
K1814,KINGS,ART.1.G2,ART1,West,PD11-11,68.89,124,17.29,196.9248292,0.2747,0.0878,84.11341134,524,15,West_KINGS,HAL_I
K1815,KINGS,PDF.1.G1,PDF1,West,PD2-16,112.39,296,12.27,221.0810811,0.1795,0.0555,85.16483516,517,15.5,West_KINGS,HAL_I
K1817,KINGS,PDS.1.G1,PDS1,West,PD17-6,134.89,317,18.18,195.273899,0.2582,0.0931,83.72210953,452,17,West_KINGS,HAL_I
K1901,KINGS,NOH.5.G2,NOH5,Filipes,PD11-12,44.79,281,7,235.6902357,0.0847,0.0297,83.081571,644,19,Coastal_KINGS,FIL
K1902,KINGS,ESE.2.G1,ESE2,CenTex,PD11-13,78.89,535,9.69,194.1883768,0.1442,0.0499,81.64502165,574,23,CenTex_KINGS,HAL_I
K1903,KINGS,PDL.4.G1,PDL4,West,PD17-7,131.89,579,16.82,189.8419865,0.2442,0.0886,78.30900856,698,22.5,West_KINGS,HAL_I
K1904,KINGS,JHC.3.G2,JHC3,TexMex,PD11-14,34.39,417,5.48,232.2033898,0.069,0.0236,79.64912281,608,19.5,TexMex_KINGS,HAL_II
K1905,KINGS,POI.3.G4,POI3,Sym,PD11-15,82.39,817,8.26,182.3399558,0.1006,0.0453,79.1130186,671,20.5,Sym_KINGS,HAL_II
K1906,KINGS,DOF.11.G1,DOF11,TexMex,PD17-8,104.19,679,6,190.4761905,0.081,0.0315,75.45731707,504,20,TexMex_KINGS,HAL_II
K1907,KINGS,BBF.5.G1,BBF5,TexMex,PD1-15,56.29,381,3.25,198.1707317,0.0421,0.0164,68.71657754,552,23,TexMex_KINGS,HAL_II
K1908,KINGS,AWR.1.G1,AWR1,Filipes,PD11-16,273.5,374,11.36,206.1705989,0.173,0.0551,81.42265193,663,17,Filipes_KINGS,FIL
K1909,KINGS,TNK.2.F,TNK2,West,PD11-17,120.39,356,14.15,223.1861199,0.2171,0.0634,90.4649794,543,17.5,West_KINGS,HAL_I
K1910,KINGS,FIL.2A.G2,FIL2A,Filipes,PD11-18,576.6,617,12.33,219.3950178,0.1684,0.0562,87.51950078,603,19.5,Filipes_KINGS,FIL
K1911,KINGS,NUE.1.F,NUE1,Filipes,PD11-19,97.79,492,9.39,240.7692308,0.1192,0.039,81.50406504,574,18.5,Coastal_KINGS,FIL
K1912,KINGS,CRC.1.G1,CRC1,West,PD5-18,60.69,272,7.49,224.251497,0.0894,0.0334,81.15942029,544,15,West_KINGS,HAL_I
K1913,KINGS,GNH.10.G2,GNH10,Sym,PD2-12,128.39,424,12.76,211.9601329,0.1755,0.0602,85.72490706,556,18,Sym_KINGS,HAL_II
K1915,KINGS,KIC.6.G3,KIC6,TexMex,PD17-9,407,547,15.95,198.630137,0.2171,0.0803,80.7079646,611,21,TexMex_KINGS,HAL_II
K1916,KINGS,SVN.3.G2,SVN3,West,PD9-19,58.39,298,13.42,158.4415584,0.2446,0.0847,82.16855087,643,16.5,West_KINGS,HAL_I
K2001,KINGS,ALI.4.G1,ALI4,West,PD11-23,157.39,433,13.19,188.1597718,0.187,0.0701,78.50906649,646,23.5,West_KINGS,HAL_I
K2004,KINGS,BBD.5.G1,BBD5,TexMex,PD11-24,94.79,409,5.31,191.6967509,0.0714,0.0277,77.4822695,590,20,TexMex_KINGS,HAL_II
K2005,KINGS,CLA.1A.G1,CLA1A,West,PD11-25,140.49,597,9.93,213.5483871,0.1472,0.0465,80.4313099,581,18.5,West_KINGS,HAL_I
K2006,KINGS,HAL.2.G1,HAL2,CenTex,PD5-20,213.9,494,13.02,199.6932515,0.1944,0.0652,80.19863439,623,18.5,CenTex_KINGS,HAL_I
K2007,KINGS,HUE.19.G2,HUE19,Sym,PD24-19,150.19,507,9.44,205.2173913,0.1219,0.046,76.35814889,716,20.5,Sym_KINGS,HAL_II
K2008,KINGS,ATA.1.G1,ATA1,TexMex,PD11-26,86.79,413,7.12,235.7615894,0.0853,0.0302,75.68681319,583,19.5,TexMex_KINGS,HAL_II
K2009,KINGS,PDL.4.G1,PDL4,West,PD17-12,69.39,287,15.66,219.3277311,0.2078,0.0714,70.41817243,643,20.5,West_KINGS,HAL_I
K2010,KINGS,KEN.3.G1,KEN3,TexMex,PD17-13,67.19,211,11.84,220.8955224,0.1592,0.0536,76.08069164,791,22,TexMex_KINGS,HAL_II
K2011,KINGS,GNF.1.G1,GNF1,Filipes,PD17-14,104.89,230,6.29,144.266055,0.1238,0.0436,78.16764133,631,21,Filipes_KINGS,FIL
K2013,KINGS,BEX.14.G1,BEX14,CenTex,PD11-27,124.39,409,9.4,148.4992101,0.15,0.0633,91.07142857,626,20.5,CenTex_KINGS,HAL_I
K2014,KINGS,BEL.3.G1,BEL3,CenTex,PD17-16,72.69,337,5.75,214.5522388,0.0691,0.0268,68.66883117,628,26.5,CenTex_KINGS,HAL_I
K2015,KINGS,EPS.1C.G1,EPS1C,Filipes,PD17-17,217.9,317,14.93,210.5782793,0.2119,0.0709,88.01498127,499,21,Filipes_KINGS,FIL
K2016,KINGS,BOS.3.G1,BOS3,West,PD11-28,63.49,297,10.65,188.4955752,0.1663,0.0565,83.11884936,634,19.5,West_KINGS,HAL_I
K2017,KINGS,KIC.6.G3,KIC6,TexMex,PD17-18,101.69,417,5.5,172.9559748,0.0724,0.0318,78.68217054,431,17.5,TexMex_KINGS,HAL_II
K2101,KINGS,TNK.2.F,TNK2,West,PD17-19,26.69,189,11.39,220.3094778,0.1581,0.0517,79.76011994,539,21,West_KINGS,HAL_I
K2103,KINGS,EPS.1C.G1,EPS1C,Filipes,PD11-29,395.5,621,16.17,224.5833333,0.238,0.072,84.99743984,606,19.5,Filipes_KINGS,FIL
K2104,KINGS,COM.12.G2,COM12,TexMex,PD8-11,54.79,256,8.88,213.9759036,0.1224,0.0415,84.27083333,587,19,TexMex_KINGS,HAL_II
K2105,KINGS,GNF.1.G1,GNF1,Filipes,PD13-1,64.89,179,8.28,172.5,0.1455,0.048,84.7826087,540,19.5,Filipes_KINGS,FIL
K2106,KINGS,MCR.19.G2,MCR19,West,PD17-21,91.19,267,18.65,179.3269231,0.3072,0.104,81.9685357,599,17.5,West_KINGS,HAL_I
K2107,KINGS,SEM.2A.G2,SEM2A,TexMex,PD3-15,72.09,261,3.93,212.4324324,0.0487,0.0185,76.4556962,570,18.5,TexMex_KINGS,HAL_II
K2109,KINGS,ARA.1.G1,ARA1,Filipes,PD13-3,262.4,267,21.53,186.5684575,0.3724,0.1154,85.49567532,612,19.5,Filipes_KINGS,FIL
K2110,KINGS,SEM.2A.G2,SEM2A,TexMex,PD3-16,45.09,136,4.34,205.6872038,0.0603,0.0211,81.4968815,587,20.5,TexMex_KINGS,HAL_II
K2111,KINGS,BUR.8.G1,BUR8,Sym,PD5-12,108.99,341,11.59,199.1408935,0.1677,0.0582,81.29175947,684,22.5,Sym_KINGS,HAL_II
K2112,KINGS,DOF.11.G1,DOF11,TexMex,PD13-4,64.29,597,6.75,195.0867052,0.0957,0.0346,81.79384203,655,22.5,TexMex_KINGS,HAL_II
K2113,KINGS,NMX.1.G1,NMX1,West,PD13-5,77.09,211,21.82,184.4463229,0.3313,0.1183,70.59993371,705,23,West_KINGS,HAL_I
K2114,KINGS,GMO.5.G1,GMO5,West,PD8-15,71.59,227,7.65,175.0572082,0.1572,0.0437,89.29976397,608,20,West_KINGS,HAL_I
K2115,KINGS,SAN.9.G1,SAN9,TexMex,PD17-23,28.69,392,3.16,230.6569343,0.0331,0.0137,60.0619195,730,23.5,TexMex_KINGS,HAL_II
K2116,KINGS,ABI.1.G3,ABI1,CenTex,PD17-24,120.09,347,10.83,199.8154982,0.1429,0.0542,67.76165011,631,21,CenTex_KINGS,HAL_I
K2117,KINGS,NDD.1.G1,NDD1,TexMex,PD2-17,53.69,297,9.5,184.8249027,0.1468,0.0514,78.19672131,651,23,TexMex_KINGS,HAL_II
k2118,KINGS,BME.2.G1,BME2,West,PD7-14,NA,NA,NA,NA,NA,NA,NA,NA,NA,West_KINGS,HAL_I
K2203,KINGS,COM.12.G2,COM12,TexMex,PD8-12,69.49,202,5.94,185.046729,0.0905,0.0321,83.54792561,654,17,TexMex_KINGS,HAL_II
K2204,KINGS,SPJ.2.G2,SPJ2,CenTex,PD4-12,105.19,251,14.05,186.0927152,0.2291,0.0755,89.09512761,573,17.5,CenTex_KINGS,HAL_I
K2205,KINGS,BBF.5.G1,BBF5,TexMex,PD1-16,52.99,143,6.33,196.5838509,0.0948,0.0322,87.79803647,595,17,TexMex_KINGS,HAL_II
K2207,KINGS,BOS.3.G1,BOS3,West,PD13-7,177.8,320,14.47,193.708166,0.2258,0.0747,89.03948144,505,18,West_KINGS,HAL_I
K2208,KINGS,PDS.1.G1,PDS1,West,PD17-27,149.9,231,15.06,202.147651,0.2106,0.0745,79.26616191,589,18.5,West_KINGS,HAL_I
K2210,KINGS,ATA.1.G1,ATA1,TexMex,PD13-8,75.09,180,6.71,236.2676056,0.083,0.0284,78.67435159,631,20.5,TexMex_KINGS,HAL_II
K2211,KINGS,BEE.1A.G3,BEE1A,Sym,PD1-18,182.4,281,8.67,247.7142857,0.1059,0.035,90.54916986,670,22,Sym_KINGS,HAL_II
K2212,KINGS,NUE.1.F,NUE1,Filipes,PD17-29,137.89,243,8.72,223.5897436,0.1222,0.039,88.13559322,618,15,Coastal_KINGS,FIL
K2213,KINGS,PIS.2.G2,PIS2,Sym,PD17-30,98.59,320,5.44,204.5112782,0.0766,0.0266,87.10801394,644,14,Sym_KINGS,HAL_II
K2214,KINGS,HUE.19.G2,HUE19,Sym,PD24-21,150.49,205,9.14,203.1111111,0.1079,0.045,73.13953488,606,20,Sym_KINGS,HAL_II
K2217,KINGS,BEL.3.G1,BEL3,CenTex,PD13-9,76.69,135,7.5,204.9180328,0.1145,0.0366,87.62654668,568,24,CenTex_KINGS,HAL_I
K2301,KINGS,TNK.2.F,TNK2,West,PD23-15,27.99,101,7.99,207.5324675,0.1263,0.0385,80.1826484,646,23,West_KINGS,HAL_I
k2302,KINGS,PRT.4.G1,PRT4,West,PD7-11,NA,NA,NA,NA,NA,NA,NA,NA,NA,West_KINGS,HAL_I
K2303,KINGS,CNF.2.G1,CNF2,West,PD13-10,99.29,205,17.04,172.1212121,0.2929,0.099,84.15798611,571,25,West_KINGS,HAL_I
K2304,KINGS,MKF.1.G1,MKF1,CenTex,PD23-16,89.99,230,13.25,225.3401361,0.1974,0.0588,89.24661945,687,20.5,CenTex_KINGS,HAL_I
K2305,KINGS,KEN.3.G1,KEN3,TexMex,PD23-17,95.29,315,14.41,220.3363914,0.2186,0.0654,85.63443264,555,20.5,TexMex_KINGS,HAL_II
K2306,KINGS,SPJ.2.G2,SPJ2,CenTex,PD4-13,126.09,345,12.08,227.0676692,0.1648,0.0532,83.09754281,580,23,CenTex_KINGS,HAL_I
K2307,KINGS,BAN.17.G1,BAN17,CenTex,PD13-11,161.09,320,9.1,206.8181818,0.1277,0.044,82.5443787,595,20,CenTex_KINGS,HAL_I
K2308,KINGS,SMF.BK.F,SMFBK,CenTex,PD23-18,173.09,281,13.5,200,0.1934,0.0675,83.48806366,553,20,CenTex_KINGS,HAL_I
K2309,KINGS,NMX.1.G1,NMX1,West,PD25-13,NA,NA,NA,NA,NA,NA,NA,561,NA,West_KINGS,HAL_I
K2310,KINGS,AWR.1.G1,AWR1,Filipes,PD13-12,219.8,131,15.09,202.8225806,0.1995,0.0744,81.07582631,563,23,Filipes_KINGS,FIL
K2311,KINGS,WBW.16.G4,WBW16,Sym,PD23-19,80.19,234,9.34,222.9116945,0.1291,0.0419,82.57575758,544,21,Sym_KINGS,HAL_II
K2312,KINGS,ALI.4.G1,ALI4,West,PD13-13,113.59,210,14.07,196.7832168,0.2196,0.0715,85.70601852,548,19.5,West_KINGS,HAL_I
K2313,KINGS,MKF.1.G1,MKF1,CenTex,PD23-20,107.89,260,9.4,187.6247505,0.1394,0.0501,80.16157989,571,21,CenTex_KINGS,HAL_I
K2314,KINGS,NDD.1.G1,NDD1,TexMex,PD2-18,80.99,353,9.52,197.1014493,0.1427,0.0483,78.14569536,621,27,TexMex_KINGS,HAL_II
K2315,KINGS,WBW.16.G4,WBW16,Sym,PD23-21,47.39,210,7.14,202.266289,0.0968,0.0353,86.37640449,531,19,Sym_KINGS,HAL_II
K2317,KINGS,ATA.1.G1,ATA1,TexMex,PD13-14,97.59,260,8.08,241.1940299,0.1031,0.0335,82.85714286,477,19.5,TexMex_KINGS,HAL_II
K2318,KINGS,BUR.8.G1,BUR8,Sym,PD5-13,105.39,195,10.62,200.3773585,0.1455,0.053,85.25345622,584,22,Sym_KINGS,HAL_II
K2401,KINGS,JHC.3.G2,JHC3,TexMex,PD23-23,107.99,363,5.29,181.7869416,0.0715,0.0291,62.26138032,599,22,TexMex_KINGS,HAL_II
K2402,KINGS,CRS.3.G1,CRS3,West,PD24-23,74.79,215,19.96,197.8196234,0.3426,0.1009,81.32570659,589,21,West_KINGS,HAL_I
K2404,KINGS,NDD.1.G1,NDD1,TexMex,PD2-19,57.49,295,21.26,272.2151088,0.2275,0.0781,77.8125,667,21.5,TexMex_KINGS,HAL_II
K2405,KINGS,KER.10.G1,KER10,CenTex,PD23-25,110.79,341,9.31,189.2276423,0.137,0.0492,80.69852941,628,25,CenTex_KINGS,HAL_I
K2406,KINGS,HDS.1.G1,HDS1,CenTex,PD23-26,66.89,263,9.71,205.2854123,0.1277,0.0473,77.4566474,642,20,CenTex_KINGS,HAL_I
K2407,KINGS,BAN.17.G1,BAN17,CenTex,PD13-15,106.29,335,7.12,155.4585153,0.1337,0.0458,81.61559889,603,18.5,CenTex_KINGS,HAL_I
K2408,KINGS,LMA.4.G2,LMA4,CenTex,PD23-27,101.69,356,11.06,190.6896552,0.1722,0.058,81.98133525,596,19.5,CenTex_KINGS,HAL_I
K2409,KINGS,COM.12.G2,COM12,TexMex,PD8-13,47.59,180,9.14,226.2376238,0.1271,0.0404,78.5326087,550,21.5,TexMex_KINGS,HAL_II
K2410,KINGS,HWY.1.G1,HWY1,West,PD23-28,81.09,185,10.23,220.4741379,0.1499,0.0464,83.40048348,505,21.5,West_KINGS,HAL_I
K2411,KINGS,SEV.2.G1,SEV2,West,PD9-17,67.79,180,14.52,178.1595092,0.2491,0.0815,87.79465689,495,13,West_KINGS,HAL_I
K2412,KINGS,UVL.1A.G3,UVL1A,Sym,PD4-16,92.89,390,10.32,224.8366013,0.1547,0.0459,82.23733938,628,18.5,Sym_KINGS,HAL_II
K2413,KINGS,LME.5.G1,LME5,West,PD9-10,41.59,170,9.68,223.556582,0.1387,0.0433,76.07655502,602,21.5,West_KINGS,HAL_I
K2414,KINGS,CAM.1.G1,CAM1,Filipes,PD13-16,652.7,597,23.81,173.7956204,0.4124,0.137,82.23350254,590,19.5,Filipes_KINGS,FIL
K2415,KINGS,CBS.6.G1,CBS6,CenTex,PD4-17,93.39,326,8.46,188,0.1128,0.045,77.75229358,540,19.5,CenTex_KINGS,HAL_I
K2417,KINGS,CRS.3.G1,CRS3,West,PD23-29,60.29,157,13.13,216.3097199,0.1929,0.0607,81.00490196,618,17,West_KINGS,HAL_I
K2501,KINGS,GNH.10.G2,GNH10,Sym,PD2-13,161.19,509,11.11,226.7346939,0.1411,0.049,NA,686,21,Sym_KINGS,HAL_II
K2502,KINGS,SPR.30.G3,SPR30,West,PD23-30,120.29,219,18.37,182.9681275,0.3371,0.1004,95.86877278,609,19.5,West_KINGS,HAL_I
K2503,KINGS,SPE.34.G2,SPE34,West,PD3-19,107.79,442,7.39,186.1460957,0.1173,0.0397,93.04556355,635,20,West_KINGS,HAL_I
K2504,KINGS,CKR.15.G3,CKR15,West,PD7-17,96.19,269,9.99,222.4944321,0.1539,0.0449,85.02340094,604,15,West_KINGS,HAL_I
K2506,KINGS,ARA.1.G1,ARA1,Filipes,PD13-17,513.5,379,17.75,187.2362869,0.2643,0.0948,85.56284705,507,18,Filipes_KINGS,FIL
K2507,KINGS,BUS.3.G1,BUS3,West,PD13-18,128.19,269,10.96,213.6452242,0.1505,0.0513,81.04575163,544,20,West_KINGS,HAL_I
K2508,KINGS,CBS.6.G1,CBS6,CenTex,PD4-18,100.79,369,7.74,193.9849624,0.101,0.0399,77.73536896,592,21,CenTex_KINGS,HAL_I
K2509,KINGS,ZAP.1.G1,ZAP1,Filipes,PD24-25,442.5,487,20.51,190.4363974,0.324,0.1077,93.47450303,608,20.5,Coastal_KINGS,FIL
K2510,KINGS,CKR.15.G3,CKR15,West,PD7-18,127.29,323,11.87,206.7944251,0.1699,0.0574,78.23365786,655,15,West_KINGS,HAL_I
K2511,KINGS,GMO.5.G1,GMO5,West,PD8-16,204.3,259,12.44,178.2234957,0.1999,0.0698,82.70820089,574,20.5,West_KINGS,HAL_I
K2512,KINGS,SMF.BK.F,SMFBK,CenTex,PD24-26,248.7,329,15.93,195.7002457,0.2398,0.0814,88.04891606,604,18,CenTex_KINGS,HAL_I
K2513,KINGS,BEE.1A.G3,BEE1A,Sym,PD1-19,145.39,413,13.17,191.1465893,0.1779,0.0689,92.92412617,600,19.5,Sym_KINGS,HAL_II
K2514,KINGS,PDB.2.G2,PDB2,West,PD24-27,97.79,227,11.88,214.8282098,0.1759,0.0553,82.0966644,637,20.5,West_KINGS,HAL_I
K2515,KINGS,PIN.1.G2,PIN1,West,PD13-19,89.89,239,16.39,189.0426759,0.2638,0.0867,NA,741,19.5,West_KINGS,HAL_I
K2516,KINGS,BUS.3.G1,BUS3,West,PD13-20,122.89,275,11.55,165.2360515,0.1878,0.0699,82.16027875,677,19,West_KINGS,HAL_I
K2517,KINGS,CCG.5.G1,CCG5,West,PD6-19,22.59,149,2.84,70.82294264,0.1146,0.0401,78.66948258,530,23.5,West_KINGS,HAL_I
K2518,KINGS,CLD.3.G1,CLD3,West,PD13-21,72.69,217,14.81,181.7177914,0.2326,0.0815,94.26076107,608,19.5,West_KINGS,HAL_I
K2601,KINGS,CAM.1.G1,CAM1,Filipes,PD13-22,418.8,380,17.95,155.4112554,0.3368,0.1155,89.7404704,549,14.5,Filipes_KINGS,FIL
K2602,KINGS,BAN.17.G1,BAN17,CenTex,PD13-23,74.29,358,8.65,204.4917258,0.1262,0.0423,NA,686,21,CenTex_KINGS,HAL_I
K2603,KINGS,KNT.14A.G2,KNT14A,West,PD24-28,121.89,373,14.69,188.3333333,0.2587,0.078,94.11458333,549,14.5,West_KINGS,HAL_I
K2604,KINGS,CCO.2.F,CCO2,West,PD13-24,90.19,443,7,238.9078498,0.0836,0.0293,80.08849558,594,17,West_KINGS,HAL_I
K2605,KINGS,HWY.1.G1,HWY1,West,PD25-14,71.19,310,13.72,200.2919708,0.1861,0.0685,93.63057325,696,17.5,West_KINGS,HAL_I
K2607,KINGS,HDS.1.G1,HDS1,CenTex,PD24-2,107.59,299,7.5,167.4107143,0.1159,0.0448,77.2826087,564,20.5,CenTex_KINGS,HAL_I
K2608,KINGS,CCL.1.F,CCL1,West,PD13-25,81.09,273,8.77,213.902439,0.1239,0.041,78.06026365,678,21.5,West_KINGS,HAL_I
K2609,KINGS,ARB.1.G2,ARB1,CenTex,PD1-13,158.59,309,9.8,173.7588652,0.1516,0.0564,83.36252189,642,23,CenTex_KINGS,HAL_I
k2610,KINGS,LOS.2.G1,LOS2,West,PD25-15,NA,NA,NA,NA,NA,NA,NA,NA,NA,West_KINGS,HAL_I
K2610,KINGS,LOS.2.G1,LOS2,West,PD24-3,38.59,159,13.31,175.8256275,0.2134,0.0757,81.86682521,698,21.5,West_KINGS,HAL_I
K2611,KINGS,JHC.3.G2,JHC3,TexMex,PD25-16,41.89,232,4.42,179.6747967,0.0633,0.0246,78.4989858,665,21,TexMex_KINGS,HAL_II
K2614,KINGS,CRC.1.G1,CRC1,West,PD5-19,82.69,269,5.42,200,0.0736,0.0271,88.23529412,670,21,West_KINGS,HAL_I
K2615,KINGS,SPR.30.G3,SPR30,West,PD24-30,110.49,222,14.45,161.0925307,0.2196,0.0897,74.870317,709,18,West_KINGS,HAL_I
K2616,KINGS,ABI.1.G3,ABI1,CenTex,PD13-26,88.39,477,9.62,190.1185771,0.1367,0.0506,66.58932715,708,23,CenTex_KINGS,HAL_I
K2617,KINGS,CBS.6.G1,CBS6,CenTex,PD4-19,149.29,433,7.9,198.4924623,0.1068,0.0398,79.28994083,658,20,CenTex_KINGS,HAL_I
K2701,KINGS,SMT.1.G2,SMT1,TexMex,PD24-4,277.9,341,10.9,170.846395,0.1675,0.0638,79.58557176,505,14.5,TexMex_KINGS,HAL_II
K2702,KINGS,ARA.1.G1,ARA1,Filipes,PD13-27,337.2,240,18.27,170.7476636,0.2967,0.107,81.55631986,515,17.5,Filipes_KINGS,FIL
K2703,KINGS,LOS.2.G1,LOS2,West,PD13-28,102.69,190,13.25,196.2962963,0.2037,0.0675,80.11764706,594,17.5,West_KINGS,HAL_I
K2704,KINGS,BEX.14.G1,BEX14,CenTex,PD13-29,74.69,150,18.83,215.2,0.2504,0.0875,62.34213548,534,24,CenTex_KINGS,HAL_I
K2705,KINGS,RAN.5.G1,RAN5,West,PD24-5,82.49,201,14.35,190.8244681,0.2071,0.0752,74.56189938,511,18,West_KINGS,HAL_I
K2706,KINGS,GEO.1A.G1,GEO1A,West,PD6-13,79.69,160,14.15,184.4850065,0.2354,0.0767,84.54981353,544,16.5,West_KINGS,HAL_I
K2708,KINGS,DOF.11.G1,DOF11,TexMex,PD13-30,75.49,321,5.02,226.1261261,0.0508,0.0222,52.09471767,635,28,TexMex_KINGS,HAL_II
K2709,KINGS,MCR.19.G2,MCR19,West,PD24-6,127.69,411,17.53,151.6435986,0.312,0.1156,81.39245752,613,18.5,West_KINGS,HAL_I
K2710,KINGS,LME.5.G1,LME5,West,PD9-11,94.29,353,10.85,177.2875817,0.1405,0.0612,72.02543143,621,21.5,West_KINGS,HAL_I
K2711,KINGS,CCL.1.F,CCL1,West,PD14-29,95.39,326,11.58,182.3622047,0.159,0.0635,76.8302494,636,18.5,West_KINGS,HAL_I
K2712,KINGS,MCM.1.G1,MCM1,Filipes,PD25-19,291.6,387,17.24,222.7390181,0.2497,0.0774,83.68139874,583,17,Filipes_KINGS,FIL
K2713,KINGS,PRT.4.G1,PRT4,West,PD7-12,163.49,246,18.2,186.0940695,0.2671,0.0978,78.0904059,648,20.5,West_KINGS,HAL_I
K2714,KINGS,COL.6.G1,COL6,Sym,PD14-30,37.69,84,8.06,265.1315789,0.0933,0.0304,0.005134821,589,19,Sym_KINGS,HAL_II
K2715,KINGS,GEO.1A.G1,GEO1A,West,PD6-14,63.79,128,19.22,176.1686526,0.3169,0.1091,83.21986384,676,18,West_KINGS,HAL_I
K2716,KINGS,ELG.56.G2,ELG56,West,PD6-17,44.79,130,17.76,179.757085,0.2537,0.0988,85.48565121,689,18,West_KINGS,HAL_I
K2717,KINGS,ARR.1A.G2,ARR1A,West,PD25-21,51.19,125,15.87,201.3959391,0.2408,0.0788,77.95957652,675,19.5,West_KINGS,HAL_I
K2717(2),KINGS,ARR.1A.G2,ARR1A,West,PD25-22,NA,NA,NA,NA,NA,NA,NA,NA,NA,West_KINGS,HAL_I
K2801,KINGS,LMA.4.G2,LMA4,CenTex,PD25-24,62.29,274,6.45,184.8137536,0.0895,0.0349,91.30434783,550,19,CenTex_KINGS,HAL_I
K2802,KINGS,CCG.5.G1,CCG5,West,PD6-20,46.19,148,14.27,341.3875598,0.1328,0.0418,94.30051813,596,18.5,West_KINGS,HAL_I
K2804,KINGS,PIN.1.G2,PIN1,West,PD25-26,67.29,171,11.87,204.302926,0.1866,0.0581,95.11472983,497,14,West_KINGS,HAL_I
K2805,KINGS,HAL.2.G1,HAL2,CenTex,PD25-27,125.99,370,8.27,190.9930716,0.1159,0.0433,81.48148148,520,20,CenTex_KINGS,HAL_I
K2806,KINGS,SVN.3.G2,SVN3,West,PD9-20,134.7,309,19.85,194.7988224,0.3152,0.1019,91.38817481,522,15.5,West_KINGS,HAL_I
K2807,KINGS,CCL.1.F,CCL1,West,PD25-28,91.59,222,9.74,189.1262136,0.1415,0.0515,84.19083255,533,18,West_KINGS,HAL_I
K2808,KINGS,CHA.2.G1,CHA2,West,PD5-16,92.29,360,12.88,263.9344262,0.1936,0.0488,83.3621186,684,19.5,West_KINGS,HAL_I
K2809,KINGS,PCR.61.G1,PCR61,West,PD9-14,109.69,261,13.99,169.37046,0.2056,0.0826,77.55359395,675,22.5,West_KINGS,HAL_I
K2810,KINGS,HWY.1.G1,HWY1,West,PD25-29,31.99,181,11.3,220.703125,0.158,0.0512,85.71428571,667,19,West_KINGS,HAL_I
K2811,KINGS,STW.12.G1,STW12,CenTex,PD25-30,30.89,152,10.13,197.8515625,0.134,0.0512,92.72116461,725,19,CenTex_KINGS,HAL_I
K2812,KINGS,BME.2.G1,BME2,West,PD7-15,54.29,145,19.29,205.4313099,0.274,0.0939,78.88742882,715,18,West_KINGS,HAL_I
K2813,KINGS,LMA.4.G2,LMA4,CenTex,PD26-1,35.59,185,9.46,179.8479087,0.1226,0.0526,71.28309572,710,21,CenTex_KINGS,HAL_I
K2814,KINGS,KER.10.G1,KER10,CenTex,PD26-2,98.09,389,9.95,199,0.1308,0.05,80.55832502,722,21.5,CenTex_KINGS,HAL_I
K2815,KINGS,KNT.14A.G2,KNT14A,West,PD26-3,131.19,465,13.03,180.9722222,0.1949,0.072,88.29022989,614,20.5,West_KINGS,HAL_I
