,genotype,plot_ID,SITE,line,location,BIOMASS,AREA,SLA,FRESH,DRY,RWC,OP,MDWP,TC,SC,ETSC,Population,subpopulation,Group,LATITIUDE,LONGITUDE,RAWREADCOUNT,FILTEREDREADCOUNT,COUNTMAPPED,PERCENTMAPPED
PD1-11,ARB,K1306,KINGS,ARB.1.G2,CenTex,105.59,11.23,200.8944544,0.1747,0.0559,80.10788941,577,19,387,110,42570,HAL_I,NA,HAL_I_KINGS,34.429833,-97.146683,5993927,4671035,1994506,42.7
PD1-12,ARB,K1311,KINGS,ARB.1.G2,CenTex,121.19,11.6,176.8292683,0.1911,0.0656,88.88101983,596,17,374,97.5,36465,HAL_I,NA,HAL_I_KINGS,34.429833,-97.146683,6008890,4979122,2308591,46.4
PD1-13,ARB,K2609,KINGS,ARB.1.G2,CenTex,158.59,9.8,173.7588652,0.1516,0.0564,83.36252189,642,23,309,122.5,37852.5,HAL_I,NA,HAL_I_KINGS,34.429833,-97.146683,5469156,4527578,2683846,59.3
PD1-14,BBF,K1417,KINGS,BBF.5.G1,TexMex,48.19,7.51,222.1893491,0.0958,0.0338,81.04575163,478,18,120,103.5,12420,HAL_II,HAL_II_II,HAL_II_KINGS,29.2736167,-103.3375,5167023,3778562,1841704,48.7
PD1-15,BBF,K1907,KINGS,BBF.5.G1,TexMex,56.29,3.25,198.1707317,0.0421,0.0164,68.71657754,552,23,381,147,56007,HAL_II,HAL_II_II,HAL_II_KINGS,29.2736167,-103.3375,5556185,4711679,2386591,50.7
PD1-16,BBF,K2205,KINGS,BBF.5.G1,TexMex,52.99,6.33,196.5838509,0.0948,0.0322,87.79803647,595,17,143,160.5,22951.5,HAL_II,HAL_II_II,HAL_II_KINGS,29.2736167,-103.3375,4856042,4054917,2168160,53.5
PD1-17,BEE,K1401,KINGS,BEE.1A.G3,Sym,106.69,13.93,196.4739069,0.1997,0.0709,92.3297491,572,13,230,275.5,63365,HAL_II,HAL_II_I,HAL_II_KINGS,28.382778,-97.779167,5192687,4152009,2265299,54.6
PD1-18,BEE,K2211,KINGS,BEE.1A.G3,Sym,182.4,8.67,247.7142857,0.1059,0.035,90.54916986,670,22,281,260.5,73200.5,HAL_II,HAL_II_I,HAL_II_KINGS,28.382778,-97.779167,6413420,5384041,3083064,57.3
PD1-19,BEE,K2513,KINGS,BEE.1A.G3,Sym,145.39,13.17,191.1465893,0.1779,0.0689,92.92412617,600,19.5,413,193.5,79915.5,HAL_II,HAL_II_I,HAL_II_KINGS,28.382778,-97.779167,6540181,5383026,3030482,56.3
PD1-21,ARB,B1133,BFL,ARB.1.G2,CenTex,76.09,8.3,221.3333333,0.1174,0.0375,98.76390606,419,11.5,150,96,14400,HAL_I,NA,HAL_I_BFL,34.429833,-97.146683,6300659,5218290,2879302,55.2
PD1-22,ARB,B1402,BFL,ARB.1.G2,CenTex,48.89,7.93,212.0320856,0.1152,0.0374,96.52605459,441,9,202,77.5,15655,HAL_I,NA,HAL_I_BFL,34.429833,-97.146683,6336611,5221533,2651044,50.8
PD1-23,ARB,B1416,BFL,ARB.1.G2,CenTex,175.89,8.03,223.6768802,0.1098,0.0359,93.19041614,455,11.5,292,63,18396,HAL_I,NA,HAL_I_BFL,34.429833,-97.146683,6138221,5172860,2780801,53.8
PD1-24,BBF,B1114,BFL,BBF.5.G1,TexMex,18.79,5.55,231.25,0.0763,0.024,95.61243144,399,11,72,107.5,7740,HAL_II,HAL_II_II,HAL_II_BFL,29.2736167,-103.3375,6418878,5413475,2839971,52.5
PD1-25,BBF,B1303,BFL,BBF.5.G1,TexMex,38.29,5.46,212.4513619,0.0736,0.0257,91.06463878,407,12.5,148,92.5,13690,HAL_II,HAL_II_II,HAL_II_BFL,29.2736167,-103.3375,6103285,5015231,2855810,56.9
PD1-26,BBF,B1406,BFL,BBF.5.G1,TexMex,37.99,6.08,222.7106227,0.0882,0.0273,95.90551181,493,13.5,134,102.5,13735,HAL_II,HAL_II_II,HAL_II_BFL,29.2736167,-103.3375,7405035,6111733,3943089,64.5
PD1-27,BEE,B1127,BFL,BEE.1A.G3,Sym,155.89,8.55,206.5217391,0.1089,0.0414,89.28571429,458,14.5,183,200.5,36691.5,HAL_II,HAL_II_I,HAL_II_BFL,28.382778,-97.779167,6664334,5428065,3394270,62.5
PD1-28,BEE,B1205,BFL,BEE.1A.G3,Sym,106.5,12.24,172.1518987,0.1912,0.0711,97.48376623,440,9.5,188,169.5,31866,HAL_II,HAL_II_I,HAL_II_BFL,28.382778,-97.779167,6882199,5753691,2953932,51.3
PD1-29,BEE,B1307,BFL,BEE.1A.G3,Sym,87.3,13.73,207.7155825,0.2044,0.0661,91.71087533,345,10.5,207,115,23805,HAL_II,HAL_II_I,HAL_II_BFL,28.382778,-97.779167,6180065,5101062,3009323,59
PD10-1,ABI,B1006,BFL,ABI.1.G3,CenTex,35.59,4.95,248.7437186,0.0613,0.0199,92.41071429,414,11.5,244,34.5,8418,HAL_I,HAL_I_I,HAL_I_BFL,31.85987,-99.44224,7007927,3633047,1746501,48.1
PD10-10,BBD,B1118,BFL,BBD.5.G1,TexMex,135.69,6.75,214.9681529,0.0914,0.0314,94.78672986,345,10.5,217,113.5,24629.5,HAL_II,HAL_II_II,HAL_II_BFL,29.6235361,-103.116225,7562780,4172039,2109259,50.6
PD10-11,BEX,B1125,BFL,BEX.14.G1,CenTex,147.69,9.08,221.4634146,0.1277,0.041,94.85776805,403,12,220,175.5,38610,HAL_I,HAL_I_I,HAL_I_BFL,29.72139,-98.354249,7550802,4065733,2250574,55.4
PD10-13,ALI,B1135,BFL,ALI.4.G1,West,NA,3.66,259.5744681,0.0524,0.0141,96.23115578,408,13,NA,101.5,NA,HAL_I,HAL_I_II,HAL_I_BFL,35.57391,-101.70107,7071964,3904340,2161703,55.4
PD10-14,ARA,B1140,BFL,ARA.1.G1,Filipes,92.7,14.07,194.0689655,0.2126,0.0725,91.0923277,441,13.5,119,689,81991,FIL,FIL_II,FIL_BFL,28.2236667,-96.987,7533265,4160241,2085999,50.1
PD10-15,CCL,B1202,BFL,CCL.1.F,West,8.89,6.11,225.4612546,0.08,0.0271,91.84027778,332,13,91,99,9009,HAL_I,HAL_I_II,HAL_I_BFL,34.44411,-101.07511,7079346,3932909,2172973,55.3
PD10-16,ART,B1210,BFL,ART.1.G2,West,49.99,8.28,237.9310345,0.1186,0.0348,94.68926554,420,14,118,106.5,12567,HAL_I,HAL_I_II,HAL_I_BFL,32.856733,-104.931567,7855494,4336410,2288971,52.8
PD10-17,ATA,B1220,BFL,ATA.1.G1,TexMex,226.8,3.93,247.1698113,0.0413,0.0159,81.41025641,514,18,669,169,113061,HAL_II,HAL_II_I,HAL_II_BFL,28.7897,-98.5413167,6835371,3871981,2111092,54.5
PD10-18,ART,B1224,BFL,ART.1.G2,West,62.79,5.7,261.4678899,0.0835,0.0218,92.22720478,499,14.5,207,NA,NA,HAL_I,HAL_I_II,HAL_I_BFL,32.856733,-104.931567,7916547,4526512,2407209,53.2
PD10-19,ARR,B1225,BFL,ARR.1A.G2,West,198.19,6.86,178.1818182,0.1071,0.0385,94.75138122,523,18,557,99.5,55421.5,HAL_I,HAL_I_II,HAL_I_BFL,31.61339,-110.50628,7278725,4062395,2191973,54
PD10-2,AWR,B1012,BFL,AWR.1.G1,Filipes,129.39,8.92,226.9720102,0.1215,0.0393,96.70588235,385,12,170,422,71740,FIL,FIL_I,FIL_BFL,28.285083,-96.945733,7283107,3994669,1949532,48.8
PD10-20,CNF,B1230,BFL,CNF.2.G1,West,148.99,9.14,207.7272727,0.107,0.044,72,497,20,295,109.5,32302.5,HAL_I,HAL_I_II,HAL_I_BFL,31.8020583,-110.9152417,6862210,3832077,2005560,52.3
PD10-21,ARR,B1239,BFL,ARR.1A.G2,West,17.99,8.39,193.7644342,0.1175,0.0433,88.12351544,544,15,149,71,10579,HAL_I,HAL_I_II,HAL_I_BFL,31.61339,-110.50628,7410346,4115808,2362464,57.4
PD10-22,CCO,B1302,BFL,CCO.2.F,West,8.99,4.45,214.9758454,0.0578,0.0207,90.2676399,377,10,101,69.5,7019.5,HAL_I,HAL_I_II,HAL_I_BFL,34.43787,-101.05611,6404753,3508417,1671329,47.6
PD10-23,BAN,B1309,BFL,BAN.17.G1,CenTex,58.5,3.82,217.0454545,0.0537,0.0176,87.83454988,402,15,268,90,24120,HAL_I,HAL_I_I,HAL_I_BFL,29.847301,-99.573411,5820621,3212099,1851490,57.6
PD10-24,BUS,B1317,BFL,BUS.3.G1,West,132.5,9.05,195.8874459,0.139,0.0462,85.92592593,413,15,419,149.5,62640.5,HAL_I,HAL_I_II,HAL_I_BFL,35.26486,-102.06054,6684670,3804365,1921157,50.5
PD10-25,BEX,B1320,BFL,BEX.14.G1,CenTex,204.89,8.76,199.5444191,0.1359,0.0439,90.10773751,410,14.5,487,157.5,76702.5,HAL_I,HAL_I_I,HAL_I_BFL,29.72139,-98.354249,6860303,3966621,2213650,55.8
PD10-26,CAM,B1324,BFL,CAM.1.G1,Filipes,838,24.03,203.2994924,0.3862,0.1182,92.63740062,411,12.5,508,1062.5,539750,FIL,FIL_II,FIL_BFL,26.0007,-97.26905,6744456,3868867,2340536,60.5
PD10-27,BOS,B1327,BFL,BOS.3.G1,West,207.5,12.35,203.7953795,0.1832,0.0606,89.16363636,472,12.5,510,150,76500,HAL_I,HAL_I_II,HAL_I_BFL,32.127966,-97.559581,7353469,4232953,2397809,56.6
PD10-28,ARR,B1334,BFL,ARR.1A.G2,West,187.19,11.83,194.892916,0.1811,0.0607,90.25487256,422,14.5,578,104,60112,HAL_I,HAL_I_II,HAL_I_BFL,31.61339,-110.50628,6902357,4079506,2585956,63.4
PD10-29,CCO,B1335,BFL,CCO.2.F,West,80.19,8.71,222.1938776,0.1232,0.0392,91.60305344,396,13.5,312,89,27768,HAL_I,HAL_I_II,HAL_I_BFL,34.43787,-101.05611,5820383,3259683,1873621,57.5
PD10-3,BEX,B1013,BFL,BEX.14.G1,CenTex,123.69,8.89,225.0632911,0.1224,0.0395,93.77828054,457,12.5,279,199.5,55660.5,HAL_I,HAL_I_I,HAL_I_BFL,29.72139,-98.354249,7451502,3726622,1789566,48
PD10-30,ARA,B1404,BFL,ARA.1.G1,Filipes,166.1,14.75,193.3158585,0.14242,0.0763,41.92771084,462,14,172,577,99244,FIL,FIL_II,FIL_BFL,28.2236667,-96.987,6427760,3747229,2388664,63.7
PD10-4,CCO,B1033,BFL,CCO.2.F,West,13.19,4.67,222.3809524,0.0699,0.021,NA,455,13,120,81.5,9780,HAL_I,HAL_I_II,HAL_I_BFL,34.43787,-101.05611,6468644,3391072,1647515,48.6
PD10-5,ART,B1036,BFL,ART.1.G2,West,38.89,7.11,215.4545455,0.0959,0.033,90.37356322,421,14.5,172,113.5,19522,HAL_I,HAL_I_II,HAL_I_BFL,32.856733,-104.931567,6647562,3543583,1702483,48
PD10-6,CLD,B1106,BFL,CLD.3.G1,West,36.09,8.49,217.6923077,0.1268,0.039,94.81641469,435,9.5,107,95.5,10218.5,HAL_I,HAL_I_II,HAL_I_BFL,34.79841,-101.43629,6470034,3462315,1712321,49.5
PD10-7,BEL,B1107,BFL,BEL.3.G1,CenTex,34.49,4.28,256.2874251,0.055,0.0167,96.71717172,357,9,160,118.5,18960,HAL_I,HAL_I_I,HAL_I_BFL,30.918305,-97.658112,5281090,2709569,1544294,57
PD10-8,NOH,B1116,BFL,NOH.5.G2,West,97.29,4.12,219.1489362,0.053,0.0188,96.61016949,482,16,330,253.5,83655,HAL_II,HAL_II_I,HAL_II_BFL,26.4949444,-97.5452778,6767085,3531803,1598043,45.2
PD11-1,CNF,K1503,KINGS,CNF.2.G1,West,120.19,14.29,194.4217687,0.2036,0.0735,85.70487484,572,17,245,213.5,52307.5,HAL_I,HAL_I_II,HAL_I_KINGS,31.8020583,-110.9152417,5495297,3210341,1493616,46.5
PD11-10,ARR,K1810,KINGS,ARR.1A.G2,West,155.89,11.67,210.6498195,0.1742,0.0554,86.08695652,530,20,330,134.5,44385,HAL_I,HAL_I_II,HAL_I_KINGS,31.61339,-110.50628,8188474,5034886,2283187,45.3
PD11-11,ART,K1814,KINGS,ART.1.G2,West,68.89,17.29,196.9248292,0.2747,0.0878,84.11341134,524,15,124,130,16120,HAL_I,HAL_I_II,HAL_I_KINGS,32.856733,-104.931567,8180038,5030419,2687406,53.4
PD11-12,NOH,K1901,KINGS,NOH.5.G2,West,44.79,7,235.6902357,0.0847,0.0297,83.081571,644,19,281,114,32034,HAL_II,HAL_II_I,HAL_II_KINGS,26.4949444,-97.5452778,6923197,4265398,1873611,43.9
PD11-13,ESE,K1902,KINGS,ESE.2.G1,CenTex,78.89,9.69,194.1883768,0.1442,0.0499,81.64502165,574,23,535,210.5,112617.5,HAL_I,HAL_I_I,HAL_I_KINGS,30.3482,-99.5893667,6278716,3524470,1511058,42.9
PD11-14,JHC,K1904,KINGS,JHC.3.G2,TexMex,34.39,5.48,232.2033898,0.069,0.0236,79.64912281,608,19.5,417,60.5,25228.5,HAL_II,HAL_II_II,HAL_II_KINGS,30.20725,-98.3069667,7070422,4184270,2033232,48.6
PD11-15,POI,K1905,KINGS,POI.3.G4,Sym,82.39,8.26,182.3399558,0.1006,0.0453,79.1130186,671,20.5,817,270,220590,HAL_II,HAL_II_I,HAL_II_KINGS,26.0642778,-97.2375278,5313319,3276494,1649237,50.3
PD11-16,AWR,K1908,KINGS,AWR.1.G1,Filipes,273.5,11.36,206.1705989,0.173,0.0551,81.42265193,663,17,374,315.5,117997,FIL,FIL_I,FIL_KINGS,28.285083,-96.945733,5170076,3097045,1268665,41
PD11-17,TNK,K1909,KINGS,TNK.2.F,West,120.39,14.15,223.1861199,0.2171,0.0634,90.4649794,543,17.5,356,75,26700,HAL_I,HAL_I_II,HAL_I_KINGS,34.9369333,-104.6939667,7660439,4502678,2365793,52.5
PD11-18,FIL,K1910,KINGS,FIL.2A.G2,Filipes,576.6,12.33,219.3950178,0.1684,0.0562,87.51950078,603,19.5,617,1252,772484,FIL,FIL_II,FIL_KINGS,27.649558,-97.403858,6958742,4218880,2245172,53.2
PD11-19,NUE,K1911,KINGS,NUE.1.F,Filipes,97.79,9.39,240.7692308,0.1192,0.039,81.50406504,574,18.5,492,145.5,71586,HAL_II,HAL_II_I,HAL_II_KINGS,27.5683833,-97.7955833,6919043,4142086,2550457,61.6
PD11-2,CCO,K1515,KINGS,CCO.2.F,West,42.69,10,219.7802198,0.1508,0.0455,90,476,14,203,272.5,55317.5,HAL_I,HAL_I_II,HAL_I_KINGS,34.43787,-101.05611,5008463,2985042,1702426,57
PD11-23,ALI,K2001,KINGS,ALI.4.G1,West,157.39,13.19,188.1597718,0.187,0.0701,78.50906649,646,23.5,433,206,89198,HAL_I,HAL_I_II,HAL_I_KINGS,35.57391,-101.70107,5599692,3408876,1981881,58.1
PD11-24,BBD,K2004,KINGS,BBD.5.G1,TexMex,94.79,5.31,191.6967509,0.0714,0.0277,77.4822695,590,20,409,164,67076,HAL_II,HAL_II_II,HAL_II_KINGS,29.6235361,-103.116225,7166443,4282483,2199802,51.4
PD11-25,CLA,K2005,KINGS,CLA.1A.G1,West,140.49,9.93,213.5483871,0.1472,0.0465,80.4313099,581,18.5,597,51,30447,HAL_I,HAL_I_II,HAL_I_KINGS,36.63637,-103.03747,7270768,4420147,2422054,54.8
PD11-26,ATA,K2008,KINGS,ATA.1.G1,TexMex,86.79,7.12,235.7615894,0.0853,0.0302,75.68681319,583,19.5,413,168,69384,HAL_II,HAL_II_I,HAL_II_KINGS,28.7897,-98.5413167,7068230,4384701,2447365,55.8
PD11-27,BEX,K2013,KINGS,BEX.14.G1,CenTex,124.39,9.4,148.4992101,0.15,0.0633,91.07142857,626,20.5,409,203.5,83231.5,HAL_I,HAL_I_I,HAL_I_KINGS,29.72139,-98.354249,7545270,4620531,2700453,58.4
PD11-28,BOS,K2016,KINGS,BOS.3.G1,West,63.49,10.65,188.4955752,0.1663,0.0565,83.11884936,634,19.5,297,101,29997,HAL_I,HAL_I_II,HAL_I_KINGS,32.127966,-97.559581,7023845,4211119,2482825,59
PD11-29,EPS,K2103,KINGS,EPS.1C.G1,Filipes,395.5,16.17,224.5833333,0.238,0.072,84.99743984,606,19.5,621,603.5,374773.5,FIL,FIL_II,FIL_KINGS,28.4825639,-100.2100444,6326609,3896584,2243344,57.6
PD11-3,BEX,K1605,KINGS,BEX.14.G1,CenTex,99.19,13.39,169.9238579,0.1884,0.0788,80.58823529,494,18.5,303,253.5,76810.5,HAL_I,HAL_I_I,HAL_I_KINGS,29.72139,-98.354249,5242115,3128261,1745179,55.8
PD11-4,CCO,K1610,KINGS,CCO.2.F,West,45.49,9.48,220.979021,0.1348,0.0429,89.5711501,541,12,248,84,20832,HAL_I,HAL_I_II,HAL_I_KINGS,34.43787,-101.05611,6515035,3880649,1740085,44.8
PD11-5,ARR,K1611,KINGS,ARR.1A.G2,West,24.19,7.94,198.0049875,0.1102,0.0401,84.25480769,526,20,140,86,12040,HAL_I,HAL_I_II,HAL_I_KINGS,31.61339,-110.50628,5348941,3133965,1556957,49.7
PD11-6,CAM,K1614,KINGS,CAM.1.G1,Filipes,491.1,23.96,185.8805275,0.4046,0.1289,89.51298701,524,17,469,1043.5,489401.5,FIL,FIL_II,FIL_KINGS,26.0007,-97.26905,4822403,2796684,1406866,50.3
PD11-7,CLA,K1801,KINGS,CLA.1A.G1,West,52.39,8.11,190.3755869,0.1375,0.0426,83.17265557,576,19.5,214,55,11770,HAL_I,HAL_I_II,HAL_I_KINGS,36.63637,-103.03747,4835338,2925445,1575959,53.9
PD11-9,ABI,K1808,KINGS,ABI.1.G3,CenTex,87.59,5.59,229.0983607,0.0668,0.0244,69.73684211,458,9.5,293,126,36918,HAL_I,HAL_I_I,HAL_I_KINGS,31.85987,-99.44224,6869897,4180603,2016904,48.2
PD12-10,SMT,K1016,KINGS,SMT.1.G2,TexMex,36.79,4.92,274.8603352,0.0681,0.0179,89.96415771,544,16,258,98,25284,HAL_II,HAL_II_II,HAL_II_KINGS,31.5616389,-98.5992222,9078365,5160287,2706008,52.4
PD12-13,BUS,K1104,KINGS,BUS.3.G1,West,128.99,11.44,182.4561404,0.1845,0.0627,91.51014275,518,17,313,145.5,45541.5,HAL_I,HAL_I_II,HAL_I_KINGS,35.26486,-102.06054,7316821,4310248,2189099,50.8
PD12-14,ESE,K1112,KINGS,ESE.2.G1,CenTex,70.69,11.01,210.1145038,0.1536,0.0524,85.76271186,536,16,304,247.5,75240,HAL_I,HAL_I_I,HAL_I_KINGS,30.3482,-99.5893667,6363362,3679461,2122340,57.7
PD12-15,BOS,K1113,KINGS,BOS.3.G1,West,77.59,12.66,163.5658915,0.2022,0.0774,88.13559322,583,15.5,242,264,63888,HAL_I,HAL_I_II,HAL_I_KINGS,32.127966,-97.559581,5621636,3322670,2066299,62.2
PD12-16,BEL,K1115,KINGS,BEL.3.G1,CenTex,59.49,6.84,212.4223602,0.0949,0.0322,83.82352941,519,18.5,285,182.5,52012.5,HAL_I,HAL_I_I,HAL_I_KINGS,30.918305,-97.658112,8484960,5007137,2729410,54.5
PD12-17,CLA,K1207,KINGS,CLA.1A.G1,West,73.69,9.61,207.5593952,0.1448,0.0463,87.71148709,524,15.5,332,80.5,26726,HAL_I,HAL_I_II,HAL_I_KINGS,36.63637,-103.03747,7792310,4424185,2168181,49
PD12-18,CLD,K1210,KINGS,CLD.3.G1,West,81.19,15.76,201.7925736,0.2666,0.0781,88.53922029,458,15,180,220,39600,HAL_I,HAL_I_II,HAL_I_KINGS,34.79841,-101.43629,6293017,3703463,2163206,58.4
PD12-19,GNF,K1215,KINGS,GNF.1.G1,Filipes,73.89,9.67,185.2490421,0.1571,0.0522,90.27538726,541,17,104,248,25792,FIL,FIL_I,FIL_KINGS,29.3119167,-97.3001333,9452790,5572477,3114773,55.9
PD12-2,ESE,K1004,KINGS,ESE.2.G1,CenTex,139.79,11.38,188.410596,0.1739,0.0604,87.71251932,671,13,478,253.5,121173,HAL_I,HAL_I_I,HAL_I_KINGS,30.3482,-99.5893667,6356355,3693564,1907867,51.7
PD12-20,FIL,K1216,KINGS,FIL.2A.G2,Filipes,438.7,20.33,164.7487844,0.364,0.1234,97.09443099,543,14,526,1209,635934,FIL,FIL_II,FIL_KINGS,27.649558,-97.403858,7661617,4561882,2456242,53.8
PD12-22,CRS,K1303,KINGS,CRS.3.G1,West,179.09,22,217.6063304,0.3589,0.1011,91.12760693,575,14,305,330.5,100802.5,HAL_I,HAL_I_II,HAL_I_KINGS,34,-101.0568,7773263,4559576,1991015,43.7
PD12-23,NOH,K1305,KINGS,NOH.5.G2,West,98.19,7.99,255.2715655,0.101,0.0313,84.89646772,574,19.5,503,133.5,67150.5,HAL_II,HAL_II_I,HAL_II_KINGS,26.4949444,-97.5452778,4875106,2867241,1722396,60.1
PD12-24,STW,K1307,KINGS,STW.12.G1,CenTex,114.89,7.2,211.143695,0.107,0.0341,91.125,538,19.5,328,139,45592,HAL_I,HAL_I_I,HAL_I_KINGS,32.60925,-98.4895667,7944209,4686104,2443471,52.1
PD12-25,CLD,K1308,KINGS,CLD.3.G1,West,9.99,11.72,187.8205128,0.165,0.0624,82.74193548,614,24,177,190,33630,HAL_I,HAL_I_II,HAL_I_KINGS,34.79841,-101.43629,5382749,2943134,1378406,46.8
PD12-27,BBD,K1314,KINGS,BBD.5.G1,TexMex,147.39,6.35,194.7852761,0.0857,0.0326,84.28571429,552,21.5,290,139,40310,HAL_II,HAL_II_II,HAL_II_KINGS,29.6235361,-103.116225,9136250,5254497,3189057,60.7
PD12-28,WBW,K1318,KINGS,WBW.16.G4,Sym,44.19,6.23,198.4076433,0.078,0.0314,81.04347826,497,19,195,124,24180,HAL_I,HAL_I_I,HAL_I_KINGS,30.432931,-99.795803,6428279,3714363,2408882,64.9
PD12-29,ALI,K1406,KINGS,ALI.4.G1,West,123.39,9.43,192.8425358,0.1782,0.0489,NA,457,16,304,149.5,45448,HAL_I,HAL_I_II,HAL_I_KINGS,35.57391,-101.70107,7372022,4264356,2315212,54.3
PD12-3,ART,K1005,KINGS,ART.1.G2,West,50.19,15.58,207.4567244,0.2403,0.0751,89.4907909,639,13.5,188,85.5,16074,HAL_I,HAL_I_II,HAL_I_KINGS,32.856733,-104.931567,6194765,3340575,1462772,43.8
PD12-30,BBD,K1409,KINGS,BBD.5.G1,TexMex,27.69,8.72,213.202934,0.1179,0.0409,77.38693467,489,16,135,155.5,20992.5,HAL_II,HAL_II_II,HAL_II_KINGS,29.6235361,-103.116225,8494216,4833068,2864655,59.3
PD12-4,PDL,K1007,KINGS,PDL.4.G1,West,168.49,15.32,217.6136364,0.2152,0.0704,83.69942197,575,16.5,257,145,37265,HAL_I,HAL_I_II,HAL_I_KINGS,34.94755,-101.68897,6725361,3836502,1708784,44.5
PD12-5,CNF,K1008,KINGS,CNF.2.G1,West,79.49,14.33,191.0666667,0.2133,0.075,82.61648746,647,13.5,164,180.5,29602,HAL_I,HAL_I_II,HAL_I_KINGS,31.8020583,-110.9152417,6055051,3397351,1674262,49.3
PD12-6,ZAP,K1009,KINGS,ZAP.1.G1,Filipes,207.2,21.56,204.7483381,0.334,0.1053,91.15185333,524,15,314,443.5,139259,FIL,FIL_II,FIL_KINGS,27.021,-99.1250833,6220976,3497729,1736402,49.6
PD12-7,FIL,K1010,KINGS,FIL.2A.G2,Filipes,412.3,25.56,181.405252,0.4215,0.1409,84.69664956,516,13.5,489,1082.5,529342.5,FIL,FIL_II,FIL_KINGS,27.649558,-97.403858,5653863,3329276,1965318,59
PD12-8,PAB,K1011,KINGS,PAB.1.F,Filipes,189.69,7.77,156.3380282,0.1314,0.0497,89.28961749,606,15.5,287,478.5,137329.5,FIL,FIL_I,FIL_KINGS,26.0199333,-97.4745,6676940,3932573,2375130,60.4
PD13-1,GNF,K2105,KINGS,GNF.1.G1,Filipes,64.89,8.28,172.5,0.1455,0.048,84.7826087,540,19.5,179,226,40454,FIL,FIL_I,FIL_KINGS,29.3119167,-97.3001333,5435504,2889882,1809331,62.6
PD13-10,CNF,K2303,KINGS,CNF.2.G1,West,99.29,17.04,172.1212121,0.2929,0.099,84.15798611,571,25,205,126.5,25932.5,HAL_I,HAL_I_II,HAL_I_KINGS,31.8020583,-110.9152417,5365352,3001696,1737221,57.9
PD13-11,BAN,K2307,KINGS,BAN.17.G1,CenTex,161.09,9.1,206.8181818,0.1277,0.044,82.5443787,595,20,320,149,47680,HAL_I,HAL_I_I,HAL_I_KINGS,29.847301,-99.573411,5311913,2969543,2036797,68.6
PD13-12,AWR,K2310,KINGS,AWR.1.G1,Filipes,219.8,15.09,202.8225806,0.1995,0.0744,81.07582631,563,23,131,221,28951,FIL,FIL_I,FIL_KINGS,28.285083,-96.945733,4445227,2524197,1636264,64.8
PD13-13,ALI,K2312,KINGS,ALI.4.G1,West,113.59,14.07,196.7832168,0.2196,0.0715,85.70601852,548,19.5,210,174,36540,HAL_I,HAL_I_II,HAL_I_KINGS,35.57391,-101.70107,4242571,1683598,979457,58.2
PD13-14,ATA,K2317,KINGS,ATA.1.G1,TexMex,97.59,8.08,241.1940299,0.1031,0.0335,82.85714286,477,19.5,260,193.5,50310,HAL_II,HAL_II_I,HAL_II_KINGS,28.7897,-98.5413167,4509117,2415077,1518946,62.9
PD13-15,BAN,K2407,KINGS,BAN.17.G1,CenTex,106.29,7.12,155.4585153,0.1337,0.0458,81.61559889,603,18.5,335,84.5,28307.5,HAL_I,HAL_I_I,HAL_I_KINGS,29.847301,-99.573411,3737960,2041782,1456785,71.3
PD13-16,CAM,K2414,KINGS,CAM.1.G1,Filipes,652.7,23.81,173.7956204,0.4124,0.137,82.23350254,590,19.5,597,1044.5,623566.5,FIL,FIL_II,FIL_KINGS,26.0007,-97.26905,5649951,3292119,2264816,68.8
PD13-17,ARA,K2506,KINGS,ARA.1.G1,Filipes,513.5,17.75,187.2362869,0.2643,0.0948,85.56284705,507,18,379,785,297515,FIL,FIL_II,FIL_KINGS,28.2236667,-96.987,9368548,5163236,2718057,52.6
PD13-18,BUS,K2507,KINGS,BUS.3.G1,West,128.19,10.96,213.6452242,0.1505,0.0513,81.04575163,544,20,269,169,45461,HAL_I,HAL_I_II,HAL_I_KINGS,35.26486,-102.06054,8703937,4997392,2555626,51.1
PD13-19,PIN,K2515,KINGS,PIN.1.G2,West,89.89,16.39,189.0426759,0.2638,0.0867,NA,741,19.5,239,173,41347,HAL_I,HAL_I_II,HAL_I_KINGS,34.31606,-111.40063,7512886,4191170,2409746,57.5
PD13-20,BUS,K2516,KINGS,BUS.3.G1,West,122.89,11.55,165.2360515,0.1878,0.0699,82.16027875,677,19,275,150.5,41387.5,HAL_I,HAL_I_II,HAL_I_KINGS,35.26486,-102.06054,8703448,4715750,2841864,60.3
PD13-21,CLD,K2518,KINGS,CLD.3.G1,West,72.69,14.81,181.7177914,0.2326,0.0815,94.26076107,608,19.5,217,119,25823,HAL_I,HAL_I_II,HAL_I_KINGS,34.79841,-101.43629,6843966,3750305,1816152,48.4
PD13-22,CAM,K2601,KINGS,CAM.1.G1,Filipes,418.8,17.95,155.4112554,0.3368,0.1155,89.7404704,549,14.5,380,756,287280,FIL,FIL_II,FIL_KINGS,26.0007,-97.26905,7389608,3998101,2288709,57.2
PD13-23,BAN,K2602,KINGS,BAN.17.G1,CenTex,74.29,8.65,204.4917258,0.1262,0.0423,NA,686,21,358,74.5,26671,HAL_I,HAL_I_I,HAL_I_KINGS,29.847301,-99.573411,5313143,2903397,1685876,58.1
PD13-24,CCO,K2604,KINGS,CCO.2.F,West,90.19,7,238.9078498,0.0836,0.0293,80.08849558,594,17,443,89,39427,HAL_I,HAL_I_II,HAL_I_KINGS,34.43787,-101.05611,7407055,4080560,2276973,55.8
PD13-25,CCL,K2608,KINGS,CCL.1.F,West,81.09,8.77,213.902439,0.1239,0.041,78.06026365,678,21.5,273,160.5,43816.5,HAL_I,HAL_I_II,HAL_I_KINGS,34.44411,-101.07511,8691028,4634642,3006623,64.9
PD13-26,ABI,K2616,KINGS,ABI.1.G3,CenTex,88.39,9.62,190.1185771,0.1367,0.0506,66.58932715,708,23,477,106,50562,HAL_I,HAL_I_I,HAL_I_KINGS,31.85987,-99.44224,8922691,4846132,2998843,61.9
PD13-27,ARA,K2702,KINGS,ARA.1.G1,Filipes,337.2,18.27,170.7476636,0.2967,0.107,81.55631986,515,17.5,240,597.5,143400,FIL,FIL_II,FIL_KINGS,28.2236667,-96.987,8388997,4838538,2994877,61.9
PD13-29,BEX,K2704,KINGS,BEX.14.G1,CenTex,74.69,18.83,215.2,0.2504,0.0875,62.34213548,534,24,150,286.5,42975,HAL_I,HAL_I_I,HAL_I_KINGS,29.72139,-98.354249,6709928,3474051,1854760,53.4
PD13-3,ARA,K2109,KINGS,ARA.1.G1,Filipes,262.4,21.53,186.5684575,0.3724,0.1154,85.49567532,612,19.5,267,557.5,148852.5,FIL,FIL_II,FIL_KINGS,28.2236667,-96.987,5452700,3000084,1898016,63.3
PD13-30,DOF,K2708,KINGS,DOF.11.G1,TexMex,75.49,5.02,226.1261261,0.0508,0.0222,52.09471767,635,28,321,250.5,80410.5,HAL_II,HAL_II_II,HAL_II_KINGS,29.8946389,-100.9946389,5968053,3201612,1948303,60.9
PD13-4,DOF,K2112,KINGS,DOF.11.G1,TexMex,64.29,6.75,195.0867052,0.0957,0.0346,81.79384203,655,22.5,597,247.5,147757.5,HAL_II,HAL_II_II,HAL_II_KINGS,29.8946389,-100.9946389,5050119,2711243,1647401,60.8
PD13-5,NMX,K2113,KINGS,NMX.1.G1,West,77.09,21.82,184.4463229,0.3313,0.1183,70.59993371,705,23,211,164,34604,HAL_I,HAL_I_II,HAL_I_KINGS,32.4299167,-106.5814833,3868478,1993190,1157111,58.1
PD13-7,BOS,K2207,KINGS,BOS.3.G1,West,177.8,14.47,193.708166,0.2258,0.0747,89.03948144,505,18,320,177.5,56800,HAL_I,HAL_I_II,HAL_I_KINGS,32.127966,-97.559581,3489993,1891408,1237524,65.4
PD13-8,ATA,K2210,KINGS,ATA.1.G1,TexMex,75.09,6.71,236.2676056,0.083,0.0284,78.67435159,631,20.5,180,170,30600,HAL_II,HAL_II_I,HAL_II_KINGS,28.7897,-98.5413167,4980366,2687523,1684355,62.7
PD13-9,BEL,K2217,KINGS,BEL.3.G1,CenTex,76.69,7.5,204.9180328,0.1145,0.0366,87.62654668,568,24,135,110,14850,HAL_I,HAL_I_I,HAL_I_KINGS,30.918305,-97.658112,4892157,2707021,1717611,63.5
PD14-1,BBD,B1408,BFL,BBD.5.G1,TexMex,76.09,4.18,205.91133,0.0532,0.0203,87.5,375,10.5,173,113.5,19635.5,HAL_II,HAL_II_II,HAL_II_BFL,29.6235361,-103.116225,6283476,3447394,1909535,55.4
PD14-10,ABI,B1512,BFL,ABI.1.G3,CenTex,41.89,4.25,256.0240964,0.049,0.0166,89.01098901,299,9.5,363,76,27588,HAL_I,HAL_I_I,HAL_I_BFL,31.85987,-99.44224,8186356,4692534,2953219,62.9
PD14-11,AWR,B1513,BFL,AWR.1.G1,Filipes,170.1,7.5,230.0613497,0.0958,0.0326,98.59594384,285,13.5,233,278,64774,FIL,FIL_I,FIL_BFL,28.285083,-96.945733,9525246,5165863,3187103,61.7
PD14-12,BEL,B1532,BFL,BEL.3.G1,CenTex,82.49,5.21,206.7460317,0.0752,0.0252,95.05703422,437,14.5,264,147.5,38940,HAL_I,HAL_I_I,HAL_I_BFL,30.918305,-97.658112,6784950,3958475,2517171,63.6
PD14-13,CAM,B1612,BFL,CAM.1.G1,Filipes,283.4,10.7,203.8095238,0.1518,0.0525,96.68938656,465,15,213,680.5,144946.5,FIL,FIL_II,FIL_BFL,26.0007,-97.26905,8057364,4489783,3153507,70.2
PD14-14,BUS,B1623,BFL,BUS.3.G1,West,46.09,4.33,227.8947368,0.0539,0.019,80.41474654,415,10,285,74.7,21289.5,HAL_I,HAL_I_II,HAL_I_BFL,35.26486,-102.06054,7110174,3820512,2289444,59.9
PD14-15,ABI,B1631,BFL,ABI.1.G3,CenTex,97.39,7.44,208.4033613,0.1031,0.0357,82.90282903,553,15.5,523,148,77404,HAL_I,HAL_I_I,HAL_I_BFL,31.85987,-99.44224,5725650,3231420,2184157,67.6
PD14-16,CCL,B1705,BFL,CCL.1.F,West,NA,3.32,245.9259259,0.0404,0.0135,89.36877076,480,11.5,NA,85,NA,HAL_I,HAL_I_II,HAL_I_BFL,34.44411,-101.07511,7673032,4207602,2641960,62.8
PD14-18,BOS,B1729,BFL,BOS.3.G1,West,107.29,7.19,184.3589744,0.102,0.039,92.64705882,312,15.5,333,147,48951,HAL_I,HAL_I_II,HAL_I_BFL,32.127966,-97.559581,6964253,3947098,2490294,63.1
PD14-19,CLD,B1730,BFL,CLD.3.G1,West,44.79,8.97,231.7829457,0.1276,0.0387,91.55509784,304,13,127,150.5,19113.5,HAL_I,HAL_I_II,HAL_I_BFL,34.79841,-101.43629,8563678,4649800,2690361,57.9
PD14-2,ALI,B1413,BFL,ALI.4.G1,West,45.29,5.81,235.2226721,0.0786,0.0247,93.73913043,446,14,167,50.5,8433.5,HAL_I,HAL_I_II,HAL_I_BFL,35.57391,-101.70107,6331206,3487897,2155678,61.8
PD14-20,ATA,B1736,BFL,ATA.1.G1,TexMex,23.49,3.96,240,0.0482,0.0165,89.5480226,275,13.5,149,95.3,14199.7,HAL_II,HAL_II_I,HAL_II_BFL,28.7897,-98.5413167,7820335,4489168,2804984,62.5
PD14-29,CCL,K2711,KINGS,CCL.1.F,West,95.39,11.58,182.3622047,0.159,0.0635,76.8302494,636,18.5,326,121.5,39609,HAL_I,HAL_I_II,HAL_I_KINGS,34.44411,-101.07511,6062565,3515925,2292218,65.2
PD14-3,CLA,B1422,BFL,CLA.1A.G1,West,NA,4.15,200.4830918,0.057,0.0207,87.46987952,866,13.5,34,70.7,2403.8,HAL_I,HAL_I_II,HAL_I_BFL,36.63637,-103.03747,6093127,3339321,2348729,70.3
PD14-4,CLD,B1430,BFL,CLD.3.G1,West,138.39,10.66,205.3949904,0.1675,0.0519,90.59561129,450,12,390,128,49920,HAL_I,HAL_I_II,HAL_I_BFL,34.79841,-101.43629,5690142,3284606,2017119,61.4
PD14-5,CNF,B1432,BFL,CNF.2.G1,West,195.8,13.21,193.4114202,0.198,0.0683,90.5094208,469,11.5,237,163.7,38796.9,HAL_I,HAL_I_II,HAL_I_BFL,31.8020583,-110.9152417,4963729,2767289,1696351,61.3
PD14-6,BUS,B1439,BFL,BUS.3.G1,West,21.19,5.88,243.9834025,0.852,0.0241,NA,405,14.5,140,76.5,10710,HAL_I,HAL_I_II,HAL_I_BFL,35.26486,-102.06054,5960746,3285204,2016686,61.4
PD14-7,CLA,B1440,BFL,CLA.1A.G1,West,NA,2.38,222.4299065,0.0326,0.0107,91.63179916,410,9.5,29,126.5,3668.5,HAL_I,HAL_I_II,HAL_I_BFL,36.63637,-103.03747,4985602,2690896,1835654,68.2
PD14-8,BEL,B1441,BFL,BEL.3.G1,CenTex,47.59,3.82,276.8115942,0.0482,0.0138,88.20512821,472,7,240,28.8,6912,HAL_I,HAL_I_I,HAL_I_BFL,30.918305,-97.658112,5097872,2980116,1857659,62.3
PD14-9,CAM,B1501,BFL,CAM.1.G1,Filipes,115.4,11.36,202.8571429,0.1594,0.056,91.26213592,428,11,189,572,108108,FIL,FIL_II,FIL_BFL,26.0007,-97.26905,6944974,3943031,2299952,58.3
PD15-1,NDP,K1013,KINGS,NDP.2.G3,Filipes,135.69,8.54,190.625,0.1346,0.0448,89.35323383,563,15,202,326,65852,FIL,FIL_I,FIL_KINGS,27.91165,-97.6076333,5616967,3327263,2343684,70.4
PD15-10,HAM,K1203,KINGS,HAM.1.G1,TexMex,53.39,5.19,186.0215054,0.0786,0.0279,84.07960199,606,16.5,163,233,37979,HAL_II,HAL_II_II,HAL_II_KINGS,33.00983,-100.18131,7099713,3666552,2309512,63
PD15-11,HDS,K1204,KINGS,HDS.1.G1,CenTex,70.89,8.79,203.9443155,0.1205,0.0431,84.68271335,645,17.5,309,146,45114,HAL_I,HAL_I_I,HAL_I_KINGS,30,-98.0121,6819875,3837779,2767141,72.1
PD15-12,GRA,K1206,KINGS,GRA.1.G1,West,163.59,9.01,195.8695652,0.136,0.046,86.62175168,555,11.5,409,169.5,69325.5,HAL_I,HAL_I_I,HAL_I_KINGS,29.9148611,-99.2430556,5402472,2884454,2101443,72.9
PD15-13,NDP,K1214,KINGS,NDP.2.G3,Filipes,299.6,9.73,191.5354331,0.1416,0.0508,85.25821596,563,21,543,398.5,216385.5,FIL,FIL_I,FIL_KINGS,27.91165,-97.6076333,6041455,3440125,2386384,69.4
PD15-14,PIS,K1309,KINGS,PIS.2.G2,Sym,NA,6.7,187.67507,0.0823,0.0357,69.76047904,760,36,80,193.5,15480,HAL_II,HAL_II_I,HAL_II_KINGS,26.0173056,-97.2735278,6401421,3734140,1164808,31.2
PD15-15,SPR,K1310,KINGS,SPR.30.G3,West,87.99,15.3,179.1569087,0.25,0.0854,81.72790467,597,17.5,316,104.5,33022,HAL_I,HAL_I_II,HAL_I_KINGS,30.67225,-104.1276944,5008866,3161739,2184797,69.1
PD15-16,SAN,K1312,KINGS,SAN.9.G1,TexMex,98.39,5.18,202.34375,0.0693,0.0256,79.31034483,527,18,442,192,84864,HAL_II,HAL_II_II,HAL_II_KINGS,30.1346111,-102.5632778,6671215,3632324,2273318,62.6
PD15-18,LAR,K1317,KINGS,LAR.1A.G2,Filipes,380.9,20.96,176.7284992,0.2986,0.1186,90.1352028,525,21.5,368,578,212704,FIL,FIL_II,FIL_KINGS,27.4773333,-99.2092139,7710581,4897587,3555298,72.6
PD15-19,MKF,K1402,KINGS,MKF.1.G1,CenTex,134.99,12.17,223.7132353,0.1789,0.0544,91.07534748,466,12.5,370,171.5,63455,HAL_I,HAL_I_I,HAL_I_KINGS,30.1777222,-97.7250556,6747751,4312348,3027013,70.2
PD15-20,POI,K1403,KINGS,POI.3.G4,Sym,75.09,9.61,202.742616,0.1201,0.0474,86.54761905,615,8,327,239,78153,HAL_II,HAL_II_I,HAL_II_KINGS,26.0642778,-97.2375278,7507289,4730068,3309983,70
PD15-24,DRB,K1408,KINGS,DRB.1.G4,TexMex,38.09,7.35,193.9313984,0.0957,0.0379,87.04819277,487,15.5,176,211,37136,HAL_II,HAL_II_II,HAL_II_KINGS,29.9411944,-100.9705556,7012698,4532663,2714145,59.9
PD15-26,PDS,K1415,KINGS,PDS.1.G1,West,125.09,19.9,210.8050847,0.3042,0.0944,89.01145524,464,17,270,114.5,30915,HAL_I,HAL_I_II,HAL_I_KINGS,34.93951,-101.65275,8965944,5510081,3698296,67.1
PD15-27,AWR,K1501,KINGS,AWR.1.G1,Filipes,133.29,13.18,211.2179487,0.1997,0.0624,97.44499645,531,15.5,205,272.5,55862.5,FIL,FIL_I,FIL_KINGS,28.285083,-96.945733,8050197,5024799,3574832,71.1
PD15-28,GRA,K1502,KINGS,GRA.1.G1,West,117.19,15.44,201.303781,0.2555,0.0767,91.45780051,637,16,290,98,28420,HAL_I,HAL_I_I,HAL_I_KINGS,29.9148611,-99.2430556,7384382,4206510,2724926,64.8
PD15-29,LAR,K1504,KINGS,LAR.1A.G2,Filipes,344.9,12.14,242.3153693,0.1431,0.0501,90.90909091,503,16,434,365,158410,FIL,FIL_II,FIL_KINGS,27.4773333,-99.2092139,7124166,4358572,2575641,59.1
PD15-3,KIC,K1108,KINGS,KIC.6.G3,TexMex,67.49,5.91,195.049505,0.0816,0.0303,86.80203046,589,17.5,312,158.5,49452,HAL_II,HAL_II_II,HAL_II_KINGS,29.6184944,-100.443,6459077,3338602,2357412,70.6
PD15-30,PAB,K1505,KINGS,PAB.1.F,Filipes,298.2,17.1,179.0575916,0.2919,0.0955,89.96793404,571,14.5,379,667,252793,FIL,FIL_I,FIL_KINGS,26.0199333,-97.4745,9694573,4589493,2822601,61.5
PD15-4,SNO,K1109,KINGS,SNO.7.G1,West,43.39,14.93,234.0125392,0.2421,0.0638,92.28778468,599,17,178,154,27412,HAL_I,HAL_I_II,HAL_I_KINGS,31.8005333,-110.7034667,6372228,3080906,2160258,70.1
PD15-5,MCM,K1111,KINGS,MCM.1.G1,Filipes,228.9,13.19,228.5961872,0.1766,0.0577,92.81811085,599,19.5,495,905.5,448222.5,FIL,FIL_II,FIL_KINGS,28.1518667,-98.6385217,5417967,3119792,2283600,73.2
PD15-6,ART,K1116,KINGS,ART.1.G2,West,345.6,12.17,202.4958403,0.1713,0.0601,89.31726908,509,16,660,310,204600,HAL_I,HAL_I_II,HAL_I_KINGS,32.856733,-104.931567,6035981,3483850,2471673,70.9
PD15-7,RAN,K1117,KINGS,RAN.5.G1,West,105.79,14.05,182.230869,0.2111,0.0771,89.93288591,589,14,237,238,56406,HAL_I,HAL_I_II,HAL_I_KINGS,33.46015,-101.91432,5928741,2639134,1618249,61.3
PD15-8,LAR,K1118,KINGS,LAR.1A.G2,Filipes,121.39,16.69,191.3990826,0.2248,0.0872,89.23476005,494,15,145,560,81200,FIL,FIL_II,FIL_KINGS,27.4773333,-99.2092139,6923143,3995560,2728103,68.3
PD15-9,HAM,K1201,KINGS,HAM.1.G1,TexMex,63.09,5.24,211.2903226,0.0733,0.0248,86.14564831,547,12,189,172.5,32602.5,HAL_II,HAL_II_II,HAL_II_KINGS,33.00983,-100.18131,6957926,3693982,2482797,67.2
PD16-1,PDB,K1511,KINGS,PDB.2.G2,West,93.99,11.76,169.4524496,0.1798,0.0694,88.32,555,15,444,172.5,76590,HAL_I,HAL_I_II,HAL_I_KINGS,34.92866,-101.63664,5534703,2280697,1176843,51.6
PD16-10,PDB,K1603,KINGS,PDB.2.G2,West,122.99,11.16,276.2376238,0.1825,0.0404,89.93670886,497,12,385,158.5,61022.5,HAL_I,HAL_I_II,HAL_I_KINGS,34.92866,-101.63664,6628524,4668153,3160250,67.7
PD16-11,DRB,K1604,KINGS,DRB.1.G4,TexMex,58.99,8.57,264.5061728,0.116,0.0324,92.07048458,522,17,273,317,86541,HAL_II,HAL_II_II,HAL_II_KINGS,29.9411944,-100.9705556,6336933,4368661,3095379,70.9
PD16-12,SMT,K1609,KINGS,SMT.1.G2,TexMex,41.09,7.25,230.1587302,0.1186,0.0315,NA,453,22,140,104.5,14630,HAL_II,HAL_II_II,HAL_II_KINGS,31.5616389,-98.5992222,6316805,4336734,3238244,74.7
PD16-15,NUE,K1615,KINGS,NUE.1.F,Filipes,382.1,24.21,167.1961326,0.4529,0.1448,86.2783534,484,19.5,388,845.5,328054,HAL_II,HAL_II_I,HAL_II_KINGS,27.5683833,-97.7955833,4455029,3330814,2485830,74.6
PD16-16,NMX,K1616,KINGS,NMX.1.G1,West,73.69,15.76,186.5088757,0.2738,0.0845,89.67314069,502,12,183,164,30012,HAL_I,HAL_I_II,HAL_I_KINGS,32.4299167,-106.5814833,4911932,3693550,2637191,71.4
PD16-19,GRA,K1703,KINGS,GRA.1.G1,West,97.39,11.66,218.3520599,0.1683,0.0534,87.04545455,562,18.5,290,93,26970,HAL_I,HAL_I_I,HAL_I_KINGS,29.9148611,-99.2430556,6837507,4809268,3320131,69
PD16-2,NOH,K1512,KINGS,NOH.5.G2,West,135.89,11.77,208.3185841,0.1639,0.0565,64.85507246,595,18,345,169.5,58477.5,HAL_II,HAL_II_I,HAL_II_KINGS,26.4949444,-97.5452778,5528284,3600252,2436428,67.7
PD16-20,STW,K1704,KINGS,STW.12.G1,CenTex,69.19,8.33,244.2815249,0.1116,0.0341,88.67276888,580,19,350,168.5,58975,HAL_I,HAL_I_I,HAL_I_KINGS,32.60925,-98.4895667,8246091,5577146,4106876,73.6
PD16-22,HUE,K1708,KINGS,HUE.19.G2,Sym,105.99,6.14,188.9230769,0.091,0.0325,86.66666667,652,17,344,309.5,106468,HAL_II,HAL_II_I,HAL_II_KINGS,30.22546,-99.01559,6662506,4630965,3231380,69.8
PD16-23,DRB,K1709,KINGS,DRB.1.G4,TexMex,348.7,12.28,208.1355932,0.1723,0.059,87.82945736,441,19.5,488,602.5,294020,HAL_II,HAL_II_II,HAL_II_KINGS,29.9411944,-100.9705556,5590127,4217064,3118627,74
PD16-24,SAN,K1710,KINGS,SAN.9.G1,TexMex,39.89,4.2,242.7745665,0.0537,0.0173,81.79775281,562,18.5,225,93,20925,HAL_II,HAL_II_II,HAL_II_KINGS,30.1346111,-102.5632778,6914005,5074287,3401983,67
PD16-26,ZAP,K1713,KINGS,ZAP.1.G1,Filipes,274.8,18.73,211.1612176,0.2699,0.0887,85.91749644,510,21,330,490,161700,FIL,FIL_II,FIL_KINGS,27.021,-99.1250833,8189377,5898262,3963136,67.2
PD16-27,KER,K1714,KINGS,KER.10.G1,CenTex,102.89,11.43,257.4324324,0.1506,0.0444,79.96987952,510,18,269,103.5,27841.5,HAL_I,HAL_I_I,HAL_I_KINGS,30.039708,-99.397314,7746945,5406380,3757705,69.5
PD16-28,PAB,K1715,KINGS,PAB.1.F,Filipes,181.4,9.13,224.3243243,0.1367,0.0407,93.11348206,486,20,299,551,164749,FIL,FIL_I,FIL_KINGS,26.0199333,-97.4745,6758719,4597034,3418609,74.4
PD16-3,SNO,K1513,KINGS,SNO.7.G1,West,73.19,13.26,186.7605634,0.2051,0.071,94.83734088,540,15,173,124,21452,HAL_I,HAL_I_II,HAL_I_KINGS,31.8005333,-110.7034667,6264792,3938030,2894804,73.5
PD16-30,NDP,K1804,KINGS,NDP.2.G3,Filipes,297.4,10.62,210.2970297,0.1445,0.0505,80.96468562,607,20,403,378.5,152535.5,FIL,FIL_I,FIL_KINGS,27.91165,-97.6076333,7102347,4891304,3413124,69.8
PD16-4,MCR,K1514,KINGS,MCR.19.G2,West,157.69,17.48,211.1111111,0.2932,0.0828,95.63636364,545,15.5,430,176.5,75895,HAL_I,HAL_I_II,HAL_I_KINGS,30.6828611,-104.13475,5632281,3293896,2285813,69.4
PD16-5,KNT,K1516,KINGS,KNT.14A.G2,West,81.39,20.69,229.6337403,0.3147,0.0901,91.93614409,571,10.5,234,120,28080,HAL_I,HAL_I_II,HAL_I_KINGS,31.0498889,-104.212,5898751,3473523,2396887,69
PD16-7,PIN,K1518,KINGS,PIN.1.G2,West,35.79,10.3,179.4425087,0.1719,0.0574,90.15748031,414,14.5,108,168.5,18198,HAL_I,HAL_I_II,HAL_I_KINGS,34.31606,-111.40063,4198466,3207633,2453168,76.5
PD17-1,EPS,K1809,KINGS,EPS.1C.G1,Filipes,347.9,9.84,221.1235955,0.1376,0.0445,86.36363636,484,18,527,712,375224,FIL,FIL_II,FIL_KINGS,28.4825639,-100.2100444,6308607,4192592,3183160,75.9
PD17-12,PDL,K2009,KINGS,PDL.4.G1,West,69.39,15.66,219.3277311,0.2078,0.0714,70.41817243,643,20.5,287,90,25830,HAL_I,HAL_I_II,HAL_I_KINGS,34.94755,-101.68897,5864531,4011942,3136632,78.2
PD17-14,GNF,K2011,KINGS,GNF.1.G1,Filipes,104.89,6.29,144.266055,0.1238,0.0436,78.16764133,631,21,230,100.5,23115,FIL,FIL_I,FIL_KINGS,29.3119167,-97.3001333,5558920,3944896,2703772,68.5
PD17-16,BEL,K2014,KINGS,BEL.3.G1,CenTex,72.69,5.75,214.5522388,0.0691,0.0268,68.66883117,628,26.5,337,99,33363,HAL_I,HAL_I_I,HAL_I_KINGS,30.918305,-97.658112,7284522,5101178,3565623,69.9
PD17-17,EPS,K2015,KINGS,EPS.1C.G1,Filipes,217.9,14.93,210.5782793,0.2119,0.0709,88.01498127,499,21,317,425.5,134883.5,FIL,FIL_II,FIL_KINGS,28.4825639,-100.2100444,6441146,4297223,2976166,69.3
PD17-18,KIC,K2017,KINGS,KIC.6.G3,TexMex,101.69,5.5,172.9559748,0.0724,0.0318,78.68217054,431,17.5,417,158,65886,HAL_II,HAL_II_II,HAL_II_KINGS,29.6184944,-100.443,6786883,4376650,3003322,68.6
PD17-19,TNK,K2101,KINGS,TNK.2.F,West,26.69,11.39,220.3094778,0.1581,0.0517,79.76011994,539,21,189,54.5,10300.5,HAL_I,HAL_I_II,HAL_I_KINGS,34.9369333,-104.6939667,6166973,3669646,2833580,77.2
PD17-2,MCM,K1811,KINGS,MCM.1.G1,Filipes,452.2,12.79,159.079602,0.2286,0.0804,85.07462687,543,17.5,490,640,313600,FIL,FIL_II,FIL_KINGS,28.1518667,-98.6385217,6656413,4088305,2770411,67.8
PD17-21,MCR,K2106,KINGS,MCR.19.G2,West,91.19,18.65,179.3269231,0.3072,0.104,81.9685357,599,17.5,267,152,40584,HAL_I,HAL_I_II,HAL_I_KINGS,30.6828611,-104.13475,7014188,3801141,2597946,68.3
PD17-23,SAN,K2115,KINGS,SAN.9.G1,TexMex,28.69,3.16,230.6569343,0.0331,0.0137,60.0619195,730,23.5,392,76,29792,HAL_II,HAL_II_II,HAL_II_KINGS,30.1346111,-102.5632778,7096126,4519079,3005804,66.5
PD17-24,ABI,K2116,KINGS,ABI.1.G3,CenTex,120.09,10.83,199.8154982,0.1429,0.0542,67.76165011,631,21,347,148.5,51529.5,HAL_I,HAL_I_I,HAL_I_KINGS,31.85987,-99.44224,8095452,5592831,3975154,71.1
PD17-27,PDS,K2208,KINGS,PDS.1.G1,West,149.9,15.06,202.147651,0.2106,0.0745,79.26616191,589,18.5,231,205,47355,HAL_I,HAL_I_II,HAL_I_KINGS,34.93951,-101.65275,7428995,4803758,3548926,73.9
PD17-29,NUE,K2212,KINGS,NUE.1.F,Filipes,137.89,8.72,223.5897436,0.1222,0.039,88.13559322,618,15,243,118,28674,HAL_II,HAL_II_I,HAL_II_KINGS,27.5683833,-97.7955833,6067981,4127157,2873335,69.6
PD17-3,SNO,K1812,KINGS,SNO.7.G1,West,77.19,15.19,188.228005,0.2466,0.0807,81.52334152,571,18,164,72,11808,HAL_I,HAL_I_II,HAL_I_KINGS,31.8005333,-110.7034667,6499037,3870818,2625207,67.8
PD17-30,PIS,K2213,KINGS,PIS.2.G2,Sym,98.59,5.44,204.5112782,0.0766,0.0266,87.10801394,644,14,320,156,49920,HAL_II,HAL_II_I,HAL_II_KINGS,26.0173056,-97.2735278,5310207,3737177,2477691,66.3
PD17-4,HAM,K1813,KINGS,HAM.1.G1,TexMex,61.99,5.53,201.0909091,0.0765,0.0275,74.69512195,495,18,170,209.5,35615,HAL_II,HAL_II_II,HAL_II_KINGS,33.00983,-100.18131,6507497,3677572,2538896,69
PD17-6,PDS,K1817,KINGS,PDS.1.G1,West,134.89,18.18,195.273899,0.2582,0.0931,83.72210953,452,17,317,117,37089,HAL_I,HAL_I_II,HAL_I_KINGS,34.93951,-101.65275,6180484,3718188,2604179,70
PD17-7,PDL,K1903,KINGS,PDL.4.G1,West,131.89,16.82,189.8419865,0.2442,0.0886,78.30900856,698,22.5,579,164.5,95245.5,HAL_I,HAL_I_II,HAL_I_KINGS,34.94755,-101.68897,4713214,2785632,1935092,69.5
PD17-8,DOF,K1906,KINGS,DOF.11.G1,TexMex,104.19,6,190.4761905,0.081,0.0315,75.45731707,504,20,679,207.5,140892.5,HAL_II,HAL_II_II,HAL_II_KINGS,29.8946389,-100.9946389,6159965,3749357,2483049,66.2
PD17-9,KIC,K1915,KINGS,KIC.6.G3,TexMex,407,15.95,198.630137,0.2171,0.0803,80.7079646,611,21,547,311,170117,HAL_II,HAL_II_II,HAL_II_KINGS,29.6184944,-100.443,6868748,4049976,2827041,69.8
PD18-11,EPS,B1029,BFL,EPS.1C.G1,Filipes,118.89,10.46,222.5531915,0.143,0.047,93.2038835,392,4.5,212,362.5,76850,FIL,FIL_II,FIL_BFL,28.4825639,-100.2100444,4802118,4206795,3321686,79
PD18-14,KNT,B1032,BFL,KNT.14A.G2,West,74.49,11.37,204.8648649,0.1691,0.0555,91.53908139,500,9,247,157,38779,HAL_I,HAL_I_II,HAL_I_BFL,31.0498889,-104.212,4339780,3818480,2665794,69.8
PD18-15,GRA,B1034,BFL,GRA.1.G1,West,77.29,4.19,198.5781991,0.0603,0.0211,93.11163895,436,13.5,398,119.5,47561,HAL_I,HAL_I_I,HAL_I_BFL,29.9148611,-99.2430556,6295604,5422313,4200056,77.5
PD18-16,PIS,B1035,BFL,PIS.2.G2,Sym,182.8,7.18,232.3624595,0.0971,0.0309,97.64011799,453,13.5,773,82,63386,HAL_II,HAL_II_I,HAL_II_BFL,26.0173056,-97.2735278,5603088,4694479,3427338,73
PD18-17,JHC,B1037,BFL,JHC.3.G2,TexMex,69.19,3.48,245.0704225,0.0451,0.0142,91.15044248,416,13.5,376,70,26320,HAL_II,HAL_II_II,HAL_II_BFL,30.20725,-98.3069667,5667208,4670289,3413743,73.1
PD18-18,LMA,B1039,BFL,LMA.4.G2,CenTex,6.19,2.79,202.173913,0.0376,0.0138,90.49429658,337,11.5,107,75,8025,HAL_I,HAL_I_I,HAL_I_BFL,30.0163889,-99.7313889,6377943,5311389,3797739,71.5
PD18-19,LAR,B1040,BFL,LAR.1A.G2,Filipes,44.4,6.83,216.1392405,0.0883,0.0316,92.04545455,390,14,168,259,43512,FIL,FIL_II,FIL_BFL,27.4773333,-99.2092139,3665052,3227868,2381247,73.8
PD18-2,HWY,B1009,BFL,HWY.1.G1,West,6.89,5.9,231.372549,0.0807,0.0255,94.52054795,457,11,52,105,5460,HAL_I,HAL_I_II,HAL_I_BFL,34.4690639,-101.110325,5341393,4555956,3600521,79
PD18-20,TNK,B1041,BFL,TNK.2.F,West,NA,3.81,260.9589041,0.0454,0.0146,90.85545723,315,14.5,NA,91,NA,HAL_I,HAL_I_II,HAL_I_BFL,34.9369333,-104.6939667,5161708,4383640,3313544,75.6
PD18-21,SNO,B1102,BFL,SNO.7.G1,West,62.89,8.5,198.5981308,0.1459,0.0428,95.55143652,439,8.5,127,122,15494,HAL_I,HAL_I_II,HAL_I_BFL,31.8005333,-110.7034667,4717683,4159169,3027676,72.8
PD18-22,SPR,B1105,BFL,SPR.30.G3,West,10.59,5.36,205.3639847,0.0776,0.0261,98.28244275,380,10.5,43,165,7095,HAL_I,HAL_I_II,HAL_I_BFL,30.67225,-104.1276944,5718700,5082045,3824182,75.2
PD18-23,LMA,B1109,BFL,LMA.4.G2,CenTex,48.89,4.94,230.8411215,0.0664,0.0214,96.77419355,419,9,138,87.5,12075,HAL_I,HAL_I_I,HAL_I_BFL,30.0163889,-99.7313889,6989529,5802693,4464637,76.9
PD18-24,KIC,B1110,BFL,KIC.6.G3,TexMex,194.6,6.95,190.9340659,0.1013,0.0364,98.33333333,440,11,385,323,124355,HAL_II,HAL_II_II,HAL_II_BFL,29.6184944,-100.443,6628347,5550120,4117741,74.2
PD18-26,MCR,B1120,BFL,MCR.19.G2,West,82.39,6.18,217.6056338,0.0797,0.0284,93.27272727,388,15.5,160,137.5,22000,HAL_I,HAL_I_II,HAL_I_BFL,30.6828611,-104.13475,6372673,5360819,3925875,73.2
PD18-27,HAM,B1121,BFL,HAM.1.G1,TexMex,NA,NA,NA,NA,NA,NA,NA,NA,NA,66.5,NA,HAL_II,HAL_II_II,HAL_II_BFL,33.00983,-100.18131,5308749,4437116,3316540,74.7
PD18-28,NDP,B1122,BFL,NDP.2.G3,Filipes,107.69,7.5,228.6585366,0.0959,0.0328,94.03874814,402,9,172,159,27348,FIL,FIL_I,FIL_BFL,27.91165,-97.6076333,5418414,4562236,3420068,75
PD18-3,HAM,B1010,BFL,HAM.1.G1,TexMex,21.19,3.87,235.9756098,0.0486,0.0164,93.06358382,312,9,97,94,9118,HAL_II,HAL_II_II,HAL_II_BFL,33.00983,-100.18131,5005349,4188261,3215775,76.8
PD18-30,DRB,B1124,BFL,DRB.1.G4,TexMex,84.59,6.96,274.015748,0.092,0.0254,94.20084866,379,13.5,258,153,39474,HAL_II,HAL_II_II,HAL_II_BFL,29.9411944,-100.9705556,5822458,4972820,3426121,68.9
PD18-4,SAN,B1011,BFL,SAN.9.G1,TexMex,43.39,3.74,292.1875,0.047,0.0128,94.21487603,394,11.5,261,79.5,20749.5,HAL_II,HAL_II_II,HAL_II_BFL,30.1346111,-102.5632778,4679864,3984254,2854886,71.7
PD18-5,KER,B1014,BFL,KER.10.G1,CenTex,52.09,4.67,227.804878,0.0639,0.0205,93.93939394,467,16.5,239,115.7,27652.3,HAL_I,HAL_I_I,HAL_I_BFL,30.039708,-99.397314,4625165,4023423,3014420,74.9
PD18-7,NUE,B1021,BFL,NUE.1.F,Filipes,123.89,8.58,220.5655527,0.1096,0.0389,91.10824742,444,14.5,228,169,38532,HAL_II,HAL_II_I,HAL_II_BFL,27.5683833,-97.7955833,4652803,3981484,2879563,72.3
PD19-1,SNO,B1126,BFL,SNO.7.G1,West,169.69,11.18,220.5128205,0.1693,0.0507,95.03205128,358,12.5,210,88,18480,HAL_I,HAL_I_II,HAL_I_BFL,31.8005333,-110.7034667,8742157,5773322,3385444,58.6
PD19-10,PDB,B1204,BFL,PDB.2.G2,West,29.99,6.25,207.641196,0.0515,0.0301,32.72171254,487,8.5,122,95.5,11651,HAL_I,HAL_I_II,HAL_I_BFL,34.92866,-101.63664,8009874,5287377,3176051,60.1
PD19-11,DOF,B1209,BFL,DOF.11.G1,TexMex,82,4.75,220.9302326,0.0624,0.0215,90.68736142,373,12.5,507,157,79599,HAL_II,HAL_II_II,HAL_II_BFL,29.8946389,-100.9946389,6982528,4750218,2838491,59.8
PD19-12,CRS,B1211,BFL,CRS.3.G1,West,51.79,9.5,220.9302326,0.1415,0.043,93.36492891,428,11,205,152,31160,HAL_I,HAL_I_II,HAL_I_BFL,34,-101.0568,3885240,2870482,1842604,64.2
PD19-13,ESE,B1212,BFL,ESE.2.G1,CenTex,NA,5.83,186.8589744,0.0881,0.0312,NA,512,9.5,NA,141.5,NA,HAL_I,HAL_I_I,HAL_I_BFL,30.3482,-99.5893667,6566526,4208798,2851781,67.8
PD19-14,FIL,B1213,BFL,FIL.2A.G2,Filipes,546.7,24.65,177.9783394,0.4078,0.1385,90.24798928,379,14,572,860,491920,FIL,FIL_II,FIL_BFL,27.649558,-97.403858,6152909,4327508,2922804,67.5
PD19-16,KNT,B1216,BFL,KNT.14A.G2,West,121.39,13.01,238.7155963,0.1931,0.0545,90.05847953,417,14.5,317,159.5,50561.5,HAL_I,HAL_I_II,HAL_I_BFL,31.0498889,-104.212,7279098,4929252,2898259,58.8
PD19-17,TNK,B1222,BFL,TNK.2.F,West,147.29,9.18,223.902439,0.1334,0.041,89.88326848,521,13.5,417,32.5,13552.5,HAL_I,HAL_I_II,HAL_I_BFL,34.9369333,-104.6939667,9499195,5357611,3045490,56.8
PD19-18,ESE,B1226,BFL,ESE.2.G1,CenTex,164.99,8.78,217.3267327,0.1119,0.0404,81.15777526,421,9.5,411,103,42333,HAL_I,HAL_I_I,HAL_I_BFL,30.3482,-99.5893667,6803813,4816057,2972595,61.7
PD19-19,POI,B1227,BFL,POI.3.G4,Sym,159.4,5.81,211.2727273,0.0709,0.0275,87.5,661,21.5,452,167.5,75710,HAL_II,HAL_II_I,HAL_II_BFL,26.0642778,-97.2375278,7469397,4727894,2746152,58.1
PD19-2,GNF,B1130,BFL,GNF.1.G1,Filipes,258.49,7.27,226.4797508,0.0882,0.0321,94.92385787,452,12.5,268,176.5,47302,FIL,FIL_I,FIL_BFL,29.3119167,-97.3001333,8849137,5738086,3327118,58
PD19-20,CRS,B1228,BFL,CRS.3.G1,West,207,10.6,217.2131148,0.161,0.0488,88.69565217,516,17,287,154.5,44341.5,HAL_I,HAL_I_II,HAL_I_BFL,34,-101.0568,6753025,4150811,2586280,62.3
PD19-21,GRA,B1229,BFL,GRA.1.G1,West,149.99,10.32,208.9068826,0.1276,0.0494,81.28898129,515,17,369,86.5,31918.5,HAL_I,HAL_I_I,HAL_I_BFL,29.9148611,-99.2430556,5290375,3387585,2069883,61.1
PD19-22,DOF,B1231,BFL,DOF.11.G1,TexMex,209.19,5.95,216.3636364,0.0776,0.0275,80.6763285,413,15.5,625,308.5,192812.5,HAL_II,HAL_II_II,HAL_II_BFL,29.8946389,-100.9946389,6572865,2711870,1169912,43.1
PD19-23,RAN,B1232,BFL,RAN.5.G1,West,186.5,10.97,198.7318841,0.1589,0.0552,87.36310025,421,16,511,98,50078,HAL_I,HAL_I_II,HAL_I_BFL,33.46015,-101.91432,6563768,3431741,1919908,55.9
PD19-24,RAN,B1233,BFL,RAN.5.G1,West,153,12.45,211.3752122,0.1801,0.0589,88.85630499,424,14.5,409,93.5,38241.5,HAL_I,HAL_I_II,HAL_I_BFL,33.46015,-101.91432,8570124,4609304,2785303,60.4
PD19-28,DRB,B1304,BFL,DRB.1.G4,TexMex,56.3,5.03,270.4301075,0.0606,0.0186,92.10526316,352,12.5,344,162.5,55900,HAL_II,HAL_II_II,HAL_II_BFL,29.9411944,-100.9705556,5771616,3866250,2418770,62.6
PD19-29,DRB,B1305,BFL,DRB.1.G4,TexMex,40.39,2.17,271.25,0.0214,0.008,87.58169935,423,10.5,192,171,32832,HAL_II,HAL_II_II,HAL_II_BFL,29.9411944,-100.9705556,6455618,3194601,1935063,60.6
PD19-3,SMT,B1131,BFL,SMT.1.G2,TexMex,105.89,6.41,249.4163424,0.085,0.0257,92.65625,432,8.5,343,91,31213,HAL_II,HAL_II_II,HAL_II_BFL,31.5616389,-98.5992222,9468783,5980907,3620803,60.5
PD19-30,MCR,B1306,BFL,MCR.19.G2,West,44.29,8.56,225.8575198,0.1069,0.0379,90.67017083,372,12,133,134,17822,HAL_I,HAL_I_II,HAL_I_BFL,30.6828611,-104.13475,65475,38553,17251,44.7
PD19-4,KER,B1132,BFL,KER.10.G1,CenTex,120.89,8.27,195.5082742,0.1267,0.0423,96.34703196,465,15.5,230,145.5,33465,HAL_I,HAL_I_I,HAL_I_BFL,30.039708,-99.397314,7820967,5266744,3053699,58
PD19-5,SPR,B1134,BFL,SPR.30.G3,West,NA,5.01,184.8708487,0.0705,0.0271,90.98532495,450,12.5,NA,140.5,NA,HAL_I,HAL_I_II,HAL_I_BFL,30.67225,-104.1276944,59629,37309,19920,53.4
PD19-6,POI,B1136,BFL,POI.3.G4,Sym,127.39,5.6,210.5263158,0.0672,0.0266,90.02217295,499,18,366,180.5,66063,HAL_II,HAL_II_I,HAL_II_BFL,26.0642778,-97.2375278,8508442,4528344,2507075,55.4
PD19-7,KIC,B1137,BFL,KIC.6.G3,TexMex,284.3,12.14,203.3500838,0.1744,0.0597,92.12851406,419,12.5,280,422,118160,HAL_II,HAL_II_II,HAL_II_BFL,29.6184944,-100.443,8413713,5505159,3310972,60.1
PD19-8,NUE,B1141,BFL,NUE.1.F,Filipes,79.19,6.96,213.4969325,0.0925,0.0326,93.44773791,384,13.5,256,47,12032,HAL_II,HAL_II_I,HAL_II_BFL,27.5683833,-97.7955833,7350804,5152334,3121667,60.6
PD2-11,GNH,K1414,KINGS,GNH.10.G2,Sym,145.89,13.13,199.2412747,0.1764,0.0659,86.19344774,562,10,320,281.5,90080,HAL_II,HAL_II_I,HAL_II_KINGS,29.3119167,-97.3001333,7559925,6424480,3657696,56.9
PD2-12,GNH,K1913,KINGS,GNH.10.G2,Sym,128.39,12.76,211.9601329,0.1755,0.0602,85.72490706,556,18,424,133,56392,HAL_II,HAL_II_I,HAL_II_KINGS,29.3119167,-97.3001333,6444911,5528781,3024424,54.7
PD2-13,GNH,K2501,KINGS,GNH.10.G2,Sym,161.19,11.11,226.7346939,0.1411,0.049,NA,686,21,509,170.5,86784.5,HAL_II,HAL_II_I,HAL_II_KINGS,29.3119167,-97.3001333,6460342,5434076,3402201,62.6
PD2-14,PDF,K1208,KINGS,PDF.1.G1,West,26.89,9,176.4705882,0.1302,0.051,77.95275591,689,37.5,81,126,10206,HAL_I,HAL_I_II,HAL_I_KINGS,34.94366,-101.66126,6349501,5320733,3065429,57.6
PD2-15,PDF,K1617,KINGS,PDF.1.G1,West,74.39,11.27,201.25,0.1516,0.056,NA,500,15,240,141,33840,HAL_I,HAL_I_II,HAL_I_KINGS,34.94366,-101.66126,6702829,5697162,3091642,54.3
PD2-16,PDF,K1815,KINGS,PDF.1.G1,West,112.39,12.27,221.0810811,0.1795,0.0555,85.16483516,517,15.5,296,154,45584,HAL_I,HAL_I_II,HAL_I_KINGS,34.94366,-101.66126,6591072,5601054,3607060,64.4
PD2-21,GNH,B1018,BFL,GNH.10.G2,Sym,139.59,8.78,232.8912467,0.1158,0.0377,90.49826188,461,15,250,137.7,34425,HAL_II,HAL_II_I,HAL_II_BFL,29.3119167,-97.3001333,6084777,5239880,3228061,61.6
PD2-22,GNH,B1431,BFL,GNH.10.G2,Sym,282.3,7.34,215.2492669,0.0977,0.0341,92.84671533,455,12,460,140.5,64630,HAL_II,HAL_II_I,HAL_II_BFL,29.3119167,-97.3001333,6367861,5442292,3637825,66.8
PD2-23,GNH,B1530,BFL,GNH.10.G2,Sym,251.39,9.63,214.4766147,0.1194,0.0449,88.58501784,446,13,464,113,52432,HAL_II,HAL_II_I,HAL_II_BFL,29.3119167,-97.3001333,6381625,5551164,3424949,61.7
PD2-24,PDF,B1236,BFL,PDF.1.G1,West,59.39,6.09,235.1351351,0.0853,0.0259,90.54878049,420,14,325,79,25675,HAL_I,HAL_I_II,HAL_I_BFL,34.94366,-101.66126,7172809,6277098,3383000,53.9
PD2-25,PDF,B1420,BFL,PDF.1.G1,West,55.19,8.71,206.888361,0.1186,0.0421,93.63525092,435,8,232,85,19720,HAL_I,HAL_I_II,HAL_I_BFL,34.94366,-101.66126,6073628,5203604,3375397,64.9
PD2-26,PDF,B1434,BFL,PDF.1.G1,West,104.49,10.65,211.3095238,0.163,0.0504,91.17408907,380,13,286,109,31174,HAL_I,HAL_I_II,HAL_I_BFL,34.94366,-101.66126,6137260,5207833,3322275,63.8
PD20-11,SMT,B1330,BFL,SMT.1.G2,TexMex,150.89,5.2,192.5925926,0.0784,0.027,85.66666667,481,12.5,741,102,75582,HAL_II,HAL_II_II,HAL_II_BFL,31.5616389,-98.5992222,5352636,3277454,1682456,51.3
PD20-13,RAN,B1333,BFL,RAN.5.G1,West,150.99,11.21,213.1178707,0.1732,0.0526,89.73214286,379,13,356,104.5,37202,HAL_I,HAL_I_II,HAL_I_BFL,33.46015,-101.91432,5493641,3168097,1662754,52.5
PD20-14,MKF,B1336,BFL,MKF.1.G1,CenTex,176,8.62,204.7505938,0.1151,0.0421,88.16425121,482,14,491,120,58920,HAL_I,HAL_I_I,HAL_I_BFL,30.1777222,-97.7250556,6061476,3054747,1619051,53
PD20-15,DOF,B1337,BFL,DOF.11.G1,TexMex,153.29,6.33,226.0714286,0.0843,0.028,88.24451411,410,15.5,422,209.5,88409,HAL_II,HAL_II_II,HAL_II_BFL,29.8946389,-100.9946389,4177244,2822304,1561476,55.3
PD20-2,NMX,B1311,BFL,NMX.1.G1,West,64.1,10.87,222.2903885,0.1564,0.0489,90.10896899,347,11.5,213,201.5,42919.5,HAL_I,HAL_I_II,HAL_I_BFL,32.4299167,-106.5814833,7146858,3564673,1833409,51.4
PD20-21,EPS,B1405,BFL,EPS.1C.G1,Filipes,82.29,8.75,237.7717391,0.1208,0.0368,95.67198178,413,11.5,150,250.5,37575,FIL,FIL_II,FIL_BFL,28.4825639,-100.2100444,5857014,3613109,1943132,53.8
PD20-22,KNT,B1407,BFL,KNT.14A.G2,West,62.79,8.76,253.1791908,0.1268,0.0346,95.24793388,428,13,120,149.5,17940,HAL_I,HAL_I_II,HAL_I_BFL,31.0498889,-104.212,5680990,3726795,1853071,49.7
PD20-24,STW,B1410,BFL,STW.12.G1,CenTex,56.19,4.69,266.4772727,0.0885,0.0176,NA,473,8.5,252,121.5,30618,HAL_I,HAL_I_I,HAL_I_BFL,32.60925,-98.4895667,6146960,4320946,2359753,54.6
PD20-25,SPR,B1411,BFL,SPR.30.G3,West,22.09,8.63,215.2119701,0.1306,0.0401,97.41657696,493,10,53,146,7738,HAL_I,HAL_I_II,HAL_I_BFL,30.67225,-104.1276944,4915090,3302679,2060169,62.4
PD20-26,LMA,B1423,BFL,LMA.4.G2,CenTex,52.19,7.61,245.483871,0.1021,0.031,97.79917469,36,11.5,345,133.5,46057.5,HAL_I,HAL_I_I,HAL_I_BFL,30.0163889,-99.7313889,4077018,2977107,1848912,62.1
PD20-27,PIS,B1424,BFL,PIS.2.G2,Sym,198.29,9.19,211.7511521,0.1278,0.0434,86.21041879,426,12,721,228,164388,HAL_II,HAL_II_I,HAL_II_BFL,26.0173056,-97.2735278,4982226,3426663,2010022,58.7
PD20-28,ZAP,B1426,BFL,ZAP.1.G1,Filipes,155.19,12.28,213.5652174,0.1748,0.0575,89.26940639,376,14.5,208,355,73840,FIL,FIL_II,FIL_BFL,27.021,-99.1250833,5431858,3765979,2339523,62.1
PD20-29,STW,B1427,BFL,STW.12.G1,CenTex,139.49,5.87,221.509434,0.0845,0.0265,92.3566879,468,9.5,422,113,47686,HAL_I,HAL_I_I,HAL_I_BFL,32.60925,-98.4895667,4600100,3256891,2024783,62.2
PD20-3,MCM,B1312,BFL,MCM.1.G1,Filipes,193.6,9.96,244.1176471,0.1215,0.0408,87.24324324,335,13,379,427.5,162022.5,FIL,FIL_II,FIL_BFL,28.1518667,-98.6385217,5941124,3742294,2054145,54.9
PD20-30,PAB,B1433,BFL,PAB.1.F,Filipes,197.9,11.89,200.8445946,0.1642,0.0592,87.13692946,366,12.5,267,426.5,113875.5,FIL,FIL_I,FIL_BFL,26.0199333,-97.4745,5248129,3737696,2283630,61.1
PD20-4,MCM,B1316,BFL,MCM.1.G1,Filipes,240,16.43,222.6287263,0.2167,0.0738,86.13622664,334,14,379,414,156906,FIL,FIL_II,FIL_BFL,28.1518667,-98.6385217,6608687,2648507,1064581,40.2
PD20-6,PDL,B1321,BFL,PDL.4.G1,West,123.39,10.75,239.9553571,0.1329,0.0448,78.66071429,329,19.5,367,113.5,41654.5,HAL_I,HAL_I_II,HAL_I_BFL,34.94755,-101.68897,4528278,3075488,1678057,54.6
PD20-8,POI,B1323,BFL,POI.3.G4,Sym,369.49,7.37,216.7647059,0.0959,0.034,89.58031838,484,17,889,143.5,127571.5,HAL_II,HAL_II_I,HAL_II_BFL,26.0642778,-97.2375278,6209036,3297486,1584041,48
PD20-9,HDS,B1325,BFL,HDS.1.G1,CenTex,69.19,9.43,239.9491094,0.1155,0.0393,84.2920354,405,14.5,215,147,31605,HAL_I,HAL_I_I,HAL_I_BFL,30,-98.0121,5883151,2700894,1436378,53.2
PD21-1,HAL,B1502,BFL,HAL.2.G1,CenTex,36.09,6.11,225.4612546,0.0861,0.0271,92.04368175,349,10.5,134,133,17822,HAL_I,HAL_I_I,HAL_I_BFL,30.185022,-97.873979,3879412,3098715,1780661,57.5
PD21-10,SAN,B1515,BFL,SAN.9.G1,TexMex,51.99,3.06,285.9813084,0.0394,0.0107,93.79084967,257,10.5,342,96,32832,HAL_II,HAL_II_II,HAL_II_BFL,30.1346111,-102.5632778,5828550,4665336,2951972,63.3
PD21-11,ZAP,B1516,BFL,ZAP.1.G1,Filipes,403.8,15.71,237.6701967,0.2122,0.0661,90.57656541,382,12.5,239,488,116632,FIL,FIL_II,FIL_BFL,27.021,-99.1250833,4369661,3070864,1816403,59.1
PD21-12,BAN,B1517,BFL,BAN.17.G1,CenTex,101.69,6.34,232.2344322,0.0891,0.0273,92.79279279,427,15,324,89,28836,HAL_I,HAL_I_I,HAL_I_BFL,29.847301,-99.573411,6018633,4811349,3084507,64.1
PD21-13,JHC,B1518,BFL,JHC.3.G2,TexMex,128.3,5.34,207.7821012,0.0747,0.0257,85.06944444,276,9,710,79.5,56445,HAL_II,HAL_II_II,HAL_II_BFL,30.20725,-98.3069667,4702883,3828705,2239141,58.5
PD21-14,NDP,B1520,BFL,NDP.2.G3,Filipes,379.2,10.1,186.0036832,0.1484,0.0543,91.71539961,441,15,536,182.5,97820,FIL,FIL_I,FIL_BFL,27.91165,-97.6076333,5121590,3985839,2363493,59.3
PD21-15,SMT,B1521,BFL,SMT.1.G2,TexMex,220.4,10.13,217.3819742,0.1456,0.0466,95.74468085,446,16,546,73,39858,HAL_II,HAL_II_II,HAL_II_BFL,31.5616389,-98.5992222,4307228,3739176,2319781,62
PD21-16,SAN,B1523,BFL,SAN.9.G1,TexMex,100.59,6.6,266.1290323,0.0886,0.0248,87.39726027,382,9.5,418,77.5,32395,HAL_II,HAL_II_II,HAL_II_BFL,30.1346111,-102.5632778,4554242,3996424,2456734,61.5
PD21-17,ALI,B1525,BFL,ALI.4.G1,West,84.09,7.45,247.5083056,0.1192,0.0301,92.33160622,435,11,270,89.5,24165,HAL_I,HAL_I_II,HAL_I_BFL,35.57391,-101.70107,5875873,4791628,2709062,56.5
PD21-21,ESE,B1534,BFL,ESE.2.G1,CenTex,97.59,5.23,218.8284519,0.0759,0.0239,88.13559322,290,11,236,168.5,39766,HAL_I,HAL_I_I,HAL_I_BFL,30.3482,-99.5893667,5742744,4691938,3086395,65.8
PD21-22,ZAP,B1535,BFL,ZAP.1.G1,Filipes,245.6,18.36,211.2773303,0.2707,0.0869,93.39430894,330,15,222,507,112554,FIL,FIL_II,FIL_BFL,27.021,-99.1250833,5597903,4252257,2774785,65.3
PD21-25,PDS,B1538,BFL,PDS.1.G1,West,69.09,4.89,201.2345679,0.0721,0.0243,95.02982107,582,16,188,86,16168,HAL_I,HAL_I_II,HAL_I_BFL,34.93951,-101.65275,6516571,5248117,3149381,60
PD21-26,JHC,B1539,BFL,JHC.3.G2,TexMex,56.49,3.72,197.8723404,0.0533,0.0188,89.61038961,574,13.5,334,50,16700,HAL_II,HAL_II_II,HAL_II_BFL,30.20725,-98.3069667,6725375,5358785,3253264,60.7
PD21-27,GNF,B1601,BFL,GNF.1.G1,Filipes,0.79,5.53,177.8135048,0.088,0.0311,87.13629403,667,9,34,65.5,2227,FIL,FIL_I,FIL_BFL,29.3119167,-97.3001333,6338499,4813587,3113335,64.7
PD21-28,BOS,B1602,BFL,BOS.3.G1,West,54.39,9.46,208.8300221,0.1297,0.0453,90.26737968,436,14.5,219,132,28908,HAL_I,HAL_I_II,HAL_I_BFL,32.127966,-97.559581,6293950,5193385,3637438,70
PD21-3,GRA,B1504,BFL,GRA.1.G1,West,31.09,7.52,229.969419,0.0966,0.0327,97.40853659,339,10.5,108,66.7,7203.6,HAL_I,HAL_I_I,HAL_I_BFL,29.9148611,-99.2430556,3851937,2654906,1631117,61.4
PD21-30,ATA,B1605,BFL,ATA.1.G1,TexMex,28.99,4.96,244.3349754,0.0572,0.0203,92.25,589,11,194,154,29876,HAL_II,HAL_II_I,HAL_II_BFL,28.7897,-98.5413167,5301730,4374344,2627305,60.1
PD21-5,CLA,B1508,BFL,CLA.1A.G1,West,5.89,8,221.6066482,0.1332,0.0361,93.81642512,378,8,47,81,3807,HAL_I,HAL_I_II,HAL_I_BFL,36.63637,-103.03747,3447274,2682492,1731045,64.5
PD21-6,CNF,B1509,BFL,CNF.2.G1,West,11.89,4.65,254.0983607,0.0605,0.0183,87.01030928,384,9.5,65,75,4875,HAL_I,HAL_I_II,HAL_I_BFL,31.8020583,-110.9152417,3801138,2870027,1979907,69
PD21-7,KER,B1510,BFL,KER.10.G1,CenTex,7.99,5.21,236.8181818,0.0715,0.022,97.82608696,288,12.5,75,56,4200,HAL_I,HAL_I_I,HAL_I_BFL,30.039708,-99.397314,3106112,2539024,1621474,63.9
PD21-9,ARA,B1514,BFL,ARA.1.G1,Filipes,569.5,17.26,197.2571429,0.2546,0.0875,89.69404187,279,14.5,403,659,265577,FIL,FIL_II,FIL_BFL,28.2236667,-96.987,5205813,4366531,2611677,59.8
PD22-1,PAB,B1609,BFL,PAB.1.F,Filipes,46.39,8.52,208.8235294,0.1397,0.0408,99.09819639,536,15.5,143,211.5,30244.5,FIL,FIL_I,FIL_BFL,26.0199333,-97.4745,5208069,3640517,2274646,62.5
PD22-10,PIS,B1624,BFL,PIS.2.G2,Sym,199.8,5.13,219.2307692,0.0651,0.0234,88.16067653,471,10.5,592,172,101824,HAL_II,HAL_II_I,HAL_II_BFL,26.0173056,-97.2735278,6443927,4451869,2726170,61.2
PD22-11,NOH,B1627,BFL,NOH.5.G2,West,150.79,4.75,231.7073171,0.0561,0.0205,86.61800487,523,16,584,170.3,99455.2,HAL_II,HAL_II_I,HAL_II_BFL,26.4949444,-97.5452778,5108286,3594562,1921333,53.5
PD22-12,NMX,B1628,BFL,NMX.1.G1,West,114.79,18.03,204.4217687,0.2833,0.0882,92.55218216,393,18,126,182.5,22995,HAL_I,HAL_I_II,HAL_I_BFL,32.4299167,-106.5814833,5183412,3594260,1904178,53
PD22-13,HUE,B1629,BFL,HUE.19.G2,Sym,194.39,7.66,224.6334311,0.0984,0.0341,91.85714286,472,15.5,541,114,61674,HAL_II,HAL_II_I,HAL_II_BFL,30.22546,-99.01559,4871328,3487268,2276616,65.3
PD22-15,FIL,B1635,BFL,FIL.2A.G2,Filipes,433.8,26.85,169.1871456,0.4659,0.1587,88.96611642,420,18,383,789.5,302378.5,FIL,FIL_II,FIL_BFL,27.649558,-97.403858,3718157,2928528,1849046,63.1
PD22-16,BBD,B1636,BFL,BBD.5.G1,TexMex,1.29,2.51,236.7924528,0.0278,0.0106,80.75117371,525,15,40,65.5,2620,HAL_II,HAL_II_II,HAL_II_BFL,29.6235361,-103.116225,5552018,3144384,1791563,57
PD22-17,MKF,B1637,BFL,MKF.1.G1,CenTex,18.79,4.1,262.8205128,0.054,0.0156,93.88753056,432,16,136,74.5,10132,HAL_I,HAL_I_I,HAL_I_BFL,30.1777222,-97.7250556,5629821,3808899,2453318,64.4
PD22-18,WBW,B1638,BFL,WBW.16.G4,Sym,58.69,4.8,220.1834862,0.0593,0.0218,85.81235698,531,15.5,218,105.3,22955.4,HAL_I,HAL_I_I,HAL_I_BFL,30.432931,-99.795803,5942951,4290321,2843558,66.3
PD22-19,FIL,B1640,BFL,FIL.2A.G2,Filipes,230.7,9.61,197.7366255,0.1383,0.0486,89.43170489,453,17,302,778,234956,FIL,FIL_II,FIL_BFL,27.649558,-97.403858,5630936,4087962,2697230,66
PD22-2,TNK,B1610,BFL,TNK.2.F,West,3.49,7.57,240.3174603,0.1065,0.0315,92.13759214,482,12.5,73,123.3,9000.9,HAL_I,HAL_I_II,HAL_I_BFL,34.9369333,-104.6939667,7233593,4351332,2486772,57.1
PD22-20,PAB,B1701,BFL,PAB.1.F,Filipes,NA,2.82,225.6,0.038,0.0125,88.23529412,524,12.5,26,148.5,3861,FIL,FIL_I,FIL_BFL,26.0199333,-97.4745,5476224,3850444,2403476,62.4
PD22-22,BAN,B1704,BFL,BAN.17.G1,CenTex,34.89,4.4,247.1910112,0.055,0.0178,90.29126214,403,12.5,160,143,22880,HAL_I,HAL_I_I,HAL_I_BFL,29.847301,-99.573411,4918147,3628024,2259927,62.3
PD22-23,PDS,B1706,BFL,PDS.1.G1,West,NA,NA,NA,NA,NA,NA,NA,NA,NA,101,NA,HAL_I,HAL_I_II,HAL_I_BFL,34.93951,-101.65275,4402304,3199432,2054101,64.2
PD22-24,PIN,B1707,BFL,PIN.1.G2,West,NA,4.97,236.6666667,0.644,0.021,NA,466,13,NA,90,NA,HAL_I,HAL_I_II,HAL_I_BFL,34.31606,-111.40063,5292315,4008870,2627216,65.5
PD22-26,LAR,B1711,BFL,LAR.1A.G2,Filipes,28.29,4.61,256.1111111,0.0455,0.018,87.02531646,365,15.5,63,379,23877,FIL,FIL_II,FIL_BFL,27.4773333,-99.2092139,5955247,4334727,2614242,60.3
PD22-27,PDL,B1713,BFL,PDL.4.G1,West,58.29,9.25,219.7149644,0.1354,0.0421,95.79055441,390,14.5,235,172.3,40490.5,HAL_I,HAL_I_II,HAL_I_BFL,34.94755,-101.68897,6380557,4480142,2792584,62.3
PD22-28,LAR,B1714,BFL,LAR.1A.G2,Filipes,144.4,12.72,223.943662,0.1514,0.0568,86.78899083,449,15.5,247,352.7,87116.9,FIL,FIL_II,FIL_BFL,27.4773333,-99.2092139,5984093,4299898,2672421,62.2
PD22-29,WBW,B1716,BFL,WBW.16.G4,Sym,108,7.17,208.4302326,0.1029,0.0344,91.4552737,428,13,401,120,48120,HAL_I,HAL_I_I,HAL_I_BFL,30.432931,-99.795803,5429971,3906236,2241336,57.4
PD22-3,PDB,B1613,BFL,PDB.2.G2,West,111.8,9.61,219.9084668,0.1338,0.0437,92.31557377,411,10,271,123,33333,HAL_I,HAL_I_II,HAL_I_BFL,34.92866,-101.63664,6504204,4241473,2369907,55.9
PD22-30,PDB,B1718,BFL,PDB.2.G2,West,34.29,9.55,218.5354691,0.1407,0.0437,90.73900842,356,13.5,101,103,10403,HAL_I,HAL_I_II,HAL_I_BFL,34.92866,-101.63664,5308237,3941182,2244704,57
PD22-5,PIN,B1615,BFL,PIN.1.G2,West,85.29,10.8,213.4387352,0.1713,0.0506,90.27673897,565,12.5,216,132,28512,HAL_I,HAL_I_II,HAL_I_BFL,34.31606,-111.40063,6182967,4148826,2430069,58.6
PD22-6,NDP,B1616,BFL,NDP.2.G3,Filipes,210.4,8.25,184.9775785,0.1249,0.0446,89.12319645,604,9.5,442,163.3,72178.6,FIL,FIL_I,FIL_BFL,27.91165,-97.6076333,5638136,3850325,2119711,55.1
PD22-7,MCM,B1619,BFL,MCM.1.G1,Filipes,271.2,10.36,222.7956989,0.1242,0.0465,79.61065574,671,12.5,476,292,138992,FIL,FIL_II,FIL_BFL,28.1518667,-98.6385217,5110528,3375274,1827589,54.1
PD23-10,NMX,B1738,BFL,NMX.1.G1,West,18.89,10.14,206.9387755,0.1456,0.049,92.88461538,403,18,68,215,14620,HAL_I,HAL_I_II,HAL_I_BFL,32.4299167,-106.5814833,7699920,4281449,2703518,63.1
PD23-11,PDL,B1739,BFL,PDL.4.G1,West,NA,3.72,254.7945205,0.0471,0.0146,89.04109589,292,15.5,28,112.7,3155.6,HAL_I,HAL_I_II,HAL_I_BFL,34.94755,-101.68897,6596386,3681646,2320616,63
PD23-12,AWR,B1740,BFL,AWR.1.G1,Filipes,NA,NA,NA,NA,NA,NA,366,15,NA,210,NA,FIL,FIL_I,FIL_BFL,28.285083,-96.945733,7709692,4269179,2790666,65.4
PD23-13,WBW,B1741,BFL,WBW.16.G4,Sym,4.99,2.58,209.7560976,0.0328,0.0123,92.34234234,337,16,88,25.5,2244,HAL_I,HAL_I_I,HAL_I_BFL,30.432931,-99.795803,7566693,4296477,2681598,62.4
PD23-15,TNK,K2301,KINGS,TNK.2.F,West,27.99,7.99,207.5324675,0.1263,0.0385,80.1826484,646,23,101,44,4444,HAL_I,HAL_I_II,HAL_I_KINGS,34.9369333,-104.6939667,7625963,4352064,2439804,56.1
PD23-16,MKF,K2304,KINGS,MKF.1.G1,CenTex,89.99,13.25,225.3401361,0.1974,0.0588,89.24661945,687,20.5,230,130.5,30015,HAL_I,HAL_I_I,HAL_I_KINGS,30.1777222,-97.7250556,7959487,4683231,2839592,60.6
PD23-19,WBW,K2311,KINGS,WBW.16.G4,Sym,80.19,9.34,222.9116945,0.1291,0.0419,82.57575758,544,21,234,158,36972,HAL_I,HAL_I_I,HAL_I_KINGS,30.432931,-99.795803,4978212,3066585,1850285,60.3
PD23-20,MKF,K2313,KINGS,MKF.1.G1,CenTex,107.89,9.4,187.6247505,0.1394,0.0501,80.16157989,571,21,260,177,46020,HAL_I,HAL_I_I,HAL_I_KINGS,30.1777222,-97.7250556,7117610,4303708,2590356,60.2
PD23-21,WBW,K2315,KINGS,WBW.16.G4,Sym,47.39,7.14,202.266289,0.0968,0.0353,86.37640449,531,19,210,101,21210,HAL_I,HAL_I_I,HAL_I_KINGS,30.432931,-99.795803,8300913,4448756,2676214,60.2
PD23-23,JHC,K2401,KINGS,JHC.3.G2,TexMex,107.99,5.29,181.7869416,0.0715,0.0291,62.26138032,599,22,363,94,34122,HAL_II,HAL_II_II,HAL_II_KINGS,30.20725,-98.3069667,6380705,3774700,2321499,61.5
PD23-25,KER,K2405,KINGS,KER.10.G1,CenTex,110.79,9.31,189.2276423,0.137,0.0492,80.69852941,628,25,341,74,25234,HAL_I,HAL_I_I,HAL_I_KINGS,30.039708,-99.397314,10969302,6509658,3341321,51.3
PD23-26,HDS,K2406,KINGS,HDS.1.G1,CenTex,66.89,9.71,205.2854123,0.1277,0.0473,77.4566474,642,20,263,72,18936,HAL_I,HAL_I_I,HAL_I_KINGS,30,-98.0121,10351485,6403686,3543425,55.3
PD23-27,LMA,K2408,KINGS,LMA.4.G2,CenTex,101.69,11.06,190.6896552,0.1722,0.058,81.98133525,596,19.5,356,106,37736,HAL_I,HAL_I_I,HAL_I_KINGS,30.0163889,-99.7313889,11070246,6433217,3500540,54.4
PD23-28,HWY,K2410,KINGS,HWY.1.G1,West,81.09,10.23,220.4741379,0.1499,0.0464,83.40048348,505,21.5,185,105,19425,HAL_I,HAL_I_II,HAL_I_KINGS,34.4690639,-101.110325,8512134,5215553,2543327,48.8
PD23-29,CRS,K2417,KINGS,CRS.3.G1,West,60.29,13.13,216.3097199,0.1929,0.0607,81.00490196,618,17,157,71.5,11225.5,HAL_I,HAL_I_II,HAL_I_KINGS,34,-101.0568,7942463,4631768,2526842,54.6
PD23-30,SPR,K2502,KINGS,SPR.30.G3,West,120.29,18.37,182.9681275,0.3371,0.1004,95.86877278,609,19.5,219,72,15768,HAL_I,HAL_I_II,HAL_I_KINGS,30.67225,-104.1276944,6754719,4074679,2235766,54.9
PD23-6,HDS,B1727,BFL,HDS.1.G1,CenTex,7.09,4.24,247.9532164,0.0463,0.0171,75.06426735,359,15,54,116,6264,HAL_I,HAL_I_I,HAL_I_BFL,30,-98.0121,6994849,3907012,2514515,64.4
PD23-7,KIC,B1728,BFL,KIC.6.G3,TexMex,121.39,3.48,210.9090909,0.0427,0.0165,89.41979522,347,14.5,464,110.7,51364.8,HAL_II,HAL_II_II,HAL_II_BFL,29.6184944,-100.443,6744436,4021010,2641038,65.7
PD23-8,STW,B1731,BFL,STW.12.G1,CenTex,80.29,5.26,213.8211382,0.0722,0.0246,84.6975089,453,15,389,123.5,48041.5,HAL_I,HAL_I_I,HAL_I_BFL,32.60925,-98.4895667,7690888,4527043,2752640,60.8
PD23-9,HWY,B1735,BFL,HWY.1.G1,West,11.19,6.27,209,0.0835,0.03,86.56957929,383,17,74,112.5,8325,HAL_I,HAL_I_II,HAL_I_BFL,34.4690639,-101.110325,6461681,3858326,2313784,60
PD24-10,GNF,B1720,BFL,GNF.1.G1,Filipes,164.9,7.67,198.7046632,0.1041,0.0386,83.01647655,492,16,304,194,58976,FIL,FIL_I,FIL_BFL,29.3119167,-97.3001333,8713093,4428754,3229608,72.9
PD24-12,BUS,K1104(2),KINGS,BUS.3.G1,West,NA,NA,NA,NA,NA,NA,NA,NA,NA,NA,NA,HAL_I,HAL_I_II,HAL_I_KINGS,35.26486,-102.06054,6030462,3886416,2926996,75.3
PD24-13,POI,K1510,KINGS,POI.3.G4,Sym,188.99,6.65,191.091954,0.0915,0.0348,94.02985075,637,23,760,305.5,232180,HAL_II,HAL_II_I,HAL_II_KINGS,26.0642778,-97.2375278,7742518,3245463,2067754,63.7
PD24-18,PIS,K1807,KINGS,PIS.2.G2,Sym,139.69,6.05,206.4846416,0.0771,0.0293,81.15449915,535,16.5,583,148.5,86575.5,HAL_II,HAL_II_I,HAL_II_KINGS,26.0173056,-97.2735278,8721203,4365863,2887795,66.1
PD24-19,HUE,K2007,KINGS,HUE.19.G2,Sym,150.19,9.44,205.2173913,0.1219,0.046,76.35814889,716,20.5,507,225.5,114328.5,HAL_II,HAL_II_I,HAL_II_KINGS,30.22546,-99.01559,9067319,4352308,3052019,70.1
PD24-2,HDS,K2607,KINGS,HDS.1.G1,CenTex,107.59,7.5,167.4107143,0.1159,0.0448,77.2826087,564,20.5,299,136.5,40813.5,HAL_I,HAL_I_I,HAL_I_KINGS,30,-98.0121,6706384,4246831,3453820,81.3
PD24-21,HUE,K2214,KINGS,HUE.19.G2,Sym,150.49,9.14,203.1111111,0.1079,0.045,73.13953488,606,20,205,258,52890,HAL_II,HAL_II_I,HAL_II_KINGS,30.22546,-99.01559,8520434,3909027,2710521,69.3
PD24-23,CRS,K2402,KINGS,CRS.3.G1,West,74.79,19.96,197.8196234,0.3426,0.1009,81.32570659,589,21,215,68,14620,HAL_I,HAL_I_II,HAL_I_KINGS,34,-101.0568,9028378,4459526,3169469,71.1
PD24-25,ZAP,K2509,KINGS,ZAP.1.G1,Filipes,442.5,20.51,190.4363974,0.324,0.1077,93.47450303,608,20.5,487,488.5,237899.5,FIL,FIL_II,FIL_KINGS,27.021,-99.1250833,9162476,4126467,2762294,66.9
PD24-27,PDB,K2514,KINGS,PDB.2.G2,West,97.79,11.88,214.8282098,0.1759,0.0553,82.0966644,637,20.5,227,175,39725,HAL_I,HAL_I_II,HAL_I_KINGS,34.92866,-101.63664,9209019,4668689,3363709,72
PD24-28,KNT,K2603,KINGS,KNT.14A.G2,West,121.89,14.69,188.3333333,0.2587,0.078,94.11458333,549,14.5,373,97.5,36367.5,HAL_I,HAL_I_II,HAL_I_KINGS,31.0498889,-104.212,8718375,4293554,2958711,68.9
PD24-30,SPR,K2615,KINGS,SPR.30.G3,West,110.49,14.45,161.0925307,0.2196,0.0897,74.870317,709,18,222,137,30414,HAL_I,HAL_I_II,HAL_I_KINGS,30.67225,-104.1276944,7958794,4080371,2885981,70.7
PD24-4,SMT,K2701,KINGS,SMT.1.G2,TexMex,277.9,10.9,170.846395,0.1675,0.0638,79.58557176,505,14.5,341,299.5,102129.5,HAL_II,HAL_II_II,HAL_II_KINGS,31.5616389,-98.5992222,9465088,4427935,3320429,75
PD24-5,RAN,K2705,KINGS,RAN.5.G1,West,82.49,14.35,190.8244681,0.2071,0.0752,74.56189938,511,18,201,77.5,15577.5,HAL_I,HAL_I_II,HAL_I_KINGS,33.46015,-101.91432,8067188,3889183,2855225,73.4
PD24-6,MCR,K2709,KINGS,MCR.19.G2,West,127.69,17.53,151.6435986,0.312,0.1156,81.39245752,613,18.5,411,132,54252,HAL_I,HAL_I_II,HAL_I_KINGS,30.6828611,-104.13475,1055322,719250,496318,69
PD24-7,MCR,B1436,BFL,MCR.19.G2,West,119.4,9.23,217.1764706,0.1272,0.0425,90.97744361,466,13.5,186,136.5,25389,HAL_I,HAL_I_II,HAL_I_BFL,30.6828611,-104.13475,9176137,4293090,3130531,72.9
PD24-8,CRS,B1437,BFL,CRS.3.G1,West,34.49,7.52,227.8787879,0.968,0.033,NA,344,7.5,133,173.3,23048.9,HAL_I,HAL_I_II,HAL_I_BFL,34,-101.0568,1686370,1132340,827858,73.1
PD25-1,PIN,B1001,BFL,PIN.1.G2,West,NA,3.68,235.8974359,0.0493,0.0156,92.83746556,416,9.5,19,82,1558,HAL_I,HAL_I_II,HAL_I_BFL,34.31606,-111.40063,5786685,3980769,2330763,58.6
PD25-13,NMX,K2309,KINGS,NMX.1.G1,West,NA,NA,NA,NA,NA,NA,561,NA,NA,152.5,NA,HAL_I,HAL_I_II,HAL_I_KINGS,32.4299167,-106.5814833,5117470,3547273,1816546,51.2
PD25-14,HWY,K2605,KINGS,HWY.1.G1,West,71.19,13.72,200.2919708,0.1861,0.0685,93.63057325,696,17.5,310,152,47120,HAL_I,HAL_I_II,HAL_I_KINGS,34.4690639,-101.110325,5275849,1971623,997219,50.6
PD25-16,JHC,K2611,KINGS,JHC.3.G2,TexMex,41.89,4.42,179.6747967,0.0633,0.0246,78.4989858,665,21,232,103.5,24012,HAL_II,HAL_II_II,HAL_II_KINGS,30.20725,-98.3069667,4792441,3493582,1967203,56.3
PD25-19,MCM,K2712,KINGS,MCM.1.G1,Filipes,291.6,17.24,222.7390181,0.2497,0.0774,83.68139874,583,17,387,498,192726,FIL,FIL_II,FIL_KINGS,28.1518667,-98.6385217,5345719,3835278,2399199,62.6
PD25-2,EPS,B1002,BFL,EPS.1C.G1,Filipes,61.69,13.48,228.4745763,0.1982,0.059,90.74315515,406,12.5,148,210.5,31154,FIL,FIL_II,FIL_BFL,28.4825639,-100.2100444,7223423,4464133,2523388,56.5
PD25-21,ARR,K2717,KINGS,ARR.1A.G2,West,51.19,15.87,201.3959391,0.2408,0.0788,77.95957652,675,19.5,125,137.5,17187.5,HAL_I,HAL_I_II,HAL_I_KINGS,31.61339,-110.50628,5565245,4117634,2451537,59.5
PD25-22,ARR,K2717(2),KINGS,ARR.1A.G2,West,NA,NA,NA,NA,NA,NA,NA,NA,NA,NA,NA,HAL_I,HAL_I_II,HAL_I_KINGS,31.61339,-110.50628,4296414,2591058,1315397,50.8
PD25-24,LMA,K2801,KINGS,LMA.4.G2,CenTex,62.29,6.45,184.8137536,0.0895,0.0349,91.30434783,550,19,274,92.5,25345,HAL_I,HAL_I_I,HAL_I_KINGS,30.0163889,-99.7313889,5223648,3884603,2176188,56
PD25-26,PIN,K2804,KINGS,PIN.1.G2,West,67.29,11.87,204.302926,0.1866,0.0581,95.11472983,497,14,171,138.5,23683.5,HAL_I,HAL_I_II,HAL_I_KINGS,34.31606,-111.40063,6482523,4600903,3117431,67.8
PD25-27,HAL,K2805,KINGS,HAL.2.G1,CenTex,125.99,8.27,190.9930716,0.1159,0.0433,81.48148148,520,20,370,117,43290,HAL_I,HAL_I_I,HAL_I_KINGS,30.185022,-97.873979,6691144,4882350,3381571,69.3
PD25-28,CCL,K2807,KINGS,CCL.1.F,West,91.59,9.74,189.1262136,0.1415,0.0515,84.19083255,533,18,222,146,32412,HAL_I,HAL_I_II,HAL_I_KINGS,34.44411,-101.07511,6098579,4497056,2932189,65.2
PD25-29,HWY,K2810,KINGS,HWY.1.G1,West,31.99,11.3,220.703125,0.158,0.0512,85.71428571,667,19,181,75.5,13665.5,HAL_I,HAL_I_II,HAL_I_KINGS,34.4690639,-101.110325,6218351,4611049,2922849,63.4
PD25-3,HUE,B1208,BFL,HUE.19.G2,Sym,64.5,5.02,229.2237443,0.0588,0.0219,96.59685864,357,13.5,246,155,38130,HAL_II,HAL_II_I,HAL_II_BFL,30.22546,-99.01559,6490931,4197429,2395874,57.1
PD25-30,STW,K2811,KINGS,STW.12.G1,CenTex,30.89,10.13,197.8515625,0.134,0.0512,92.72116461,725,19,152,92,13984,HAL_I,HAL_I_I,HAL_I_KINGS,32.60925,-98.4895667,5915518,3487778,2070338,59.4
PD25-4,HWY,B1223,BFL,HWY.1.G1,West,85.59,8.07,246.0365854,0.108,0.0328,88.3666275,451,17.5,311,95.5,29700.5,HAL_I,HAL_I_II,HAL_I_BFL,34.4690639,-101.110325,5447102,2353041,872727,37.1
PD25-5,HDS,B1308,BFL,HDS.1.G1,CenTex,42.39,5.17,220,0.0714,0.0235,86.77536232,354,13.5,297,134,39798,HAL_I,HAL_I_I,HAL_I_BFL,30,-98.0121,6200023,2822668,1377243,48.8
PD25-7,NOH,B1606,BFL,NOH.5.G2,West,33.09,6.14,217.7304965,0.0709,0.0282,81.48854962,614,9.5,272,183.5,49912,HAL_II,HAL_II_I,HAL_II_BFL,26.4949444,-97.5452778,4537196,2910761,1394309,47.9
PD25-8,CCL,B1607,BFL,CCL.1.F,West,7.79,4.25,204.3269231,0.062,0.0208,91.55555556,600,14,76,110.7,8413.2,HAL_I,HAL_I_II,HAL_I_BFL,34.44411,-101.07511,6885739,4849977,3018865,62.2
PD26-1,LMA,K2813,KINGS,LMA.4.G2,CenTex,35.59,9.46,179.8479087,0.1226,0.0526,71.28309572,710,21,185,125,23125,HAL_I,HAL_I_I,HAL_I_KINGS,30.0163889,-99.7313889,6546488,3275631,1610358,49.2
PD26-2,KER,K2814,KINGS,KER.10.G1,CenTex,98.09,9.95,199,0.1308,0.05,80.55832502,722,21.5,389,148,57572,HAL_I,HAL_I_I,HAL_I_KINGS,30.039708,-99.397314,10750726,5908375,4595894,77.8
PD26-3,KNT,K2815,KINGS,KNT.14A.G2,West,131.19,13.03,180.9722222,0.1949,0.072,88.29022989,614,20.5,465,210.5,97882.5,HAL_I,HAL_I_II,HAL_I_KINGS,31.0498889,-104.212,8108847,3977429,2304263,57.9
PD3-11,PAJ,K1103,KINGS,PAJ.17.G1,Sym,118.49,8.76,231.7460317,0.1145,0.0378,91.20095125,584,18.5,443,258.5,114515.5,HAL_II,HAL_II_I,HAL_II_KINGS,30.4853611,-99.7375556,6591959,4783993,2866928,59.9
PD3-12,PAJ,K1205,KINGS,PAJ.17.G1,Sym,55.39,10.12,236.4485981,0.1339,0.0428,87.51200768,710,12,357,143,51051,HAL_II,HAL_II_I,HAL_II_KINGS,30.4853611,-99.7375556,6421934,4517178,2727046,60.4
PD3-13,PAJ,K1506,KINGS,PAJ.17.G1,Sym,34.79,11.59,241.4583333,0.1452,0.048,90.08341057,562,19.5,184,171,31464,HAL_II,HAL_II_I,HAL_II_KINGS,30.4853611,-99.7375556,6068393,4345652,2648639,60.9
PD3-14,SEM,K1209,KINGS,SEM.2A.G2,TexMex,54.79,5.86,198.6440678,0.0716,0.0295,73.6013986,588,21.5,209,164,34276,HAL_II,HAL_II_II,HAL_II_KINGS,29.6810028,-101.3099472,5388424,3677692,2015507,54.8
PD3-15,SEM,K2107,KINGS,SEM.2A.G2,TexMex,72.09,3.93,212.4324324,0.0487,0.0185,76.4556962,570,18.5,261,208,54288,HAL_II,HAL_II_II,HAL_II_KINGS,29.6810028,-101.3099472,6032323,4387076,2902258,66.2
PD3-16,SEM,K2110,KINGS,SEM.2A.G2,TexMex,45.09,4.34,205.6872038,0.0603,0.0211,81.4968815,587,20.5,136,167,22712,HAL_II,HAL_II_II,HAL_II_KINGS,29.6810028,-101.3099472,6398111,4707207,2992205,63.6
PD3-17,SPE,K1410,KINGS,SPE.34.G2,West,42.29,6.49,186.4942529,0.0988,0.0348,86.95652174,445,15.5,172,107,18404,HAL_I,HAL_I_II,HAL_I_KINGS,30.66635,-100.9706833,7868220,5490319,3460611,63
PD3-18,SPE,K1416,KINGS,SPE.34.G2,West,65.29,7.2,203.9660057,0.1126,0.0353,89.67517401,421,14.5,256,146.5,37504,HAL_I,HAL_I_II,HAL_I_KINGS,30.66635,-100.9706833,7966772,5266580,3126527,59.4
PD3-19,SPE,K2503,KINGS,SPE.34.G2,West,107.79,7.39,186.1460957,0.1173,0.0397,93.04556355,635,20,442,133.5,59007,HAL_I,HAL_I_II,HAL_I_KINGS,30.66635,-100.9706833,7111026,5097908,3302682,64.8
PD3-21,PAJ,B1005,BFL,PAJ.17.G1,Sym,60.09,5.51,242.7312775,0.0646,0.0227,88.9596603,477,19.5,189,64,12096,HAL_II,HAL_II_I,HAL_II_BFL,30.4853611,-99.7375556,7155944,4981380,3030316,60.8
PD3-22,PAJ,B1217,BFL,PAJ.17.G1,Sym,226.4,4.48,271.5151515,0.0514,0.0165,88.80407125,526,15.5,532,150.5,80066,HAL_II,HAL_II_I,HAL_II_BFL,30.4853611,-99.7375556,7444524,5101427,3229278,63.3
PD3-23,PAJ,B1506,BFL,PAJ.17.G1,Sym,20.79,5.25,261.1940299,0.0609,0.0201,87.93103448,336,12.5,106,110,11660,HAL_II,HAL_II_I,HAL_II_BFL,30.4853611,-99.7375556,7305848,5203593,3415082,65.6
PD3-24,SEM,B1129,BFL,SEM.2A.G2,TexMex,49.09,4.92,222.6244344,0.0684,0.0221,91.68316832,475,11,81,66,5346,HAL_II,HAL_II_II,HAL_II_BFL,29.6810028,-101.3099472,8053381,5852223,3876473,66.2
PD3-25,SEM,B1206,BFL,SEM.2A.G2,TexMex,60.69,3.12,240,0.0395,0.013,96.01449275,327,7,423,135.5,57316.5,HAL_II,HAL_II_II,HAL_II_BFL,29.6810028,-101.3099472,8397594,6023403,3984572,66.2
PD3-26,SEM,B1708,BFL,SEM.2A.G2,TexMex,1.59,1.71,192.1348315,0.0231,0.0089,88.75,1090,10.5,39,50,1950,HAL_II,HAL_II_II,HAL_II_BFL,29.6810028,-101.3099472,7753252,5647159,3636863,64.4
PD3-27,SPE,B1119,BFL,SPE.34.G2,West,142.69,9.63,219.8630137,0.138,0.0438,93.26732673,354,12,320,104.5,33440,HAL_I,HAL_I_II,HAL_I_BFL,30.66635,-100.9706833,7508854,5253437,3188526,60.7
PD3-28,SPE,B1139,BFL,SPE.34.G2,West,45.89,5.25,235.426009,0.0724,0.0223,93.82022472,390,13,124,77,9548,HAL_I,HAL_I_II,HAL_I_BFL,30.66635,-100.9706833,7699897,5447202,3686621,67.7
PD3-29,SPE,B1238,BFL,SPE.34.G2,West,106.49,5.54,235.7446809,0.0823,0.0235,93.92971246,355,15.5,327,38.5,12589.5,HAL_I,HAL_I_II,HAL_I_BFL,30.66635,-100.9706833,6440751,4586444,3044869,66.4
PD4-11,SPJ,K1705,KINGS,SPJ.2.G2,CenTex,70.39,11.1,185.9296482,0.1581,0.0597,83.319221,569,22,297,105,31185,HAL_I,HAL_I_I,HAL_I_KINGS,30.4700333,-99.7308,6643936,4669047,3098093,66.4
PD4-12,SPJ,K2204,KINGS,SPJ.2.G2,CenTex,105.19,14.05,186.0927152,0.2291,0.0755,89.09512761,573,17.5,251,204,51204,HAL_I,HAL_I_I,HAL_I_KINGS,30.4700333,-99.7308,6141837,4287504,2902795,67.7
PD4-13,SPJ,K2306,KINGS,SPJ.2.G2,CenTex,126.09,12.08,227.0676692,0.1648,0.0532,83.09754281,580,23,345,127.5,43987.5,HAL_I,HAL_I_I,HAL_I_KINGS,30.4700333,-99.7308,6238257,4286551,2875005,67.1
PD4-14,UVL,K1003,KINGS,UVL.1A.G3,Sym,97.69,9.18,234.7826087,0.1285,0.0391,92.16494845,572,13,253,249.5,63123.5,HAL_II,HAL_II_I,HAL_II_KINGS,29.598286,-100.025269,5551542,3887951,2382973,61.3
PD4-15,UVL,K1110,KINGS,UVL.1A.G3,Sym,97.19,11.7,231.6831683,0.1517,0.0505,89.63684677,592,14.5,325,480,156000,HAL_II,HAL_II_I,HAL_II_KINGS,29.598286,-100.025269,7418773,4982008,3170074,63.6
PD4-16,UVL,K2412,KINGS,UVL.1A.G3,Sym,92.89,10.32,224.8366013,0.1547,0.0459,82.23733938,628,18.5,390,141.5,55185,HAL_II,HAL_II_I,HAL_II_KINGS,29.598286,-100.025269,7047177,4956641,3186219,64.3
PD4-17,CBS,K2415,KINGS,CBS.6.G1,CenTex,93.39,8.46,188,0.1128,0.045,77.75229358,540,19.5,326,105,34230,HAL_I,HAL_I_I,HAL_I_KINGS,31.0574383,-98.4839367,7098029,4884230,3092039,63.3
PD4-18,CBS,K2508,KINGS,CBS.6.G1,CenTex,100.79,7.74,193.9849624,0.101,0.0399,77.73536896,592,21,369,89.5,33025.5,HAL_I,HAL_I_I,HAL_I_KINGS,31.0574383,-98.4839367,7455206,5264538,3312153,62.9
PD4-19,CBS,K2617,KINGS,CBS.6.G1,CenTex,149.29,7.9,198.4924623,0.1068,0.0398,79.28994083,658,20,433,120.5,52176.5,HAL_I,HAL_I_I,HAL_I_KINGS,31.0574383,-98.4839367,7147001,5162927,3451556,66.9
PD4-20,HAL,K1706,KINGS,HAL.2.G1,CenTex,101.99,12.66,305.7971014,0.1958,0.0414,87.28094969,549,19,375,177,66375,HAL_I,HAL_I_I,HAL_I_KINGS,30.185022,-97.873979,7093992,4919945,3150712,64
PD4-21,SPJ,B1008,BFL,SPJ.2.G2,CenTex,102.69,8.72,215.308642,0.1224,0.0405,93.38654504,444,13,257,95.5,24543.5,HAL_I,HAL_I_I,HAL_I_BFL,30.4700333,-99.7308,7419324,5292217,3687349,69.7
PD4-22,SPJ,B1015,BFL,SPJ.2.G2,CenTex,81.49,10.31,199.8062016,0.1446,0.0516,91.8065153,484,11.5,184,183.5,33764,HAL_I,HAL_I_I,HAL_I_BFL,30.4700333,-99.7308,6745950,4599157,3043442,66.2
PD4-23,SPJ,B1237,BFL,SPJ.2.G2,CenTex,64.59,7.78,221.0227273,0.1073,0.0352,87.81973203,442,16,179,91,16289,HAL_I,HAL_I_I,HAL_I_BFL,30.4700333,-99.7308,8643672,5832151,3884938,66.6
PD4-24,UVL,B1026,BFL,UVL.1A.G3,Sym,79.99,6.72,252.6315789,0.0865,0.0266,90.62027231,387,12.5,234,172.5,40365,HAL_II,HAL_II_I,HAL_II_BFL,29.598286,-100.025269,7702105,5398187,3598708,66.7
PD4-25,UVL,B1221,BFL,UVL.1A.G3,Sym,269.4,8.35,206.1728395,0.1185,0.0405,89.44954128,376,14,640,255,163200,HAL_II,HAL_II_I,HAL_II_BFL,29.598286,-100.025269,7675925,5339650,3225201,60.4
PD4-26,UVL,B1326,BFL,UVL.1A.G3,Sym,243.4,9.53,269.9716714,0.1266,0.0353,90.48562934,368,12.5,462,196.5,90783,HAL_II,HAL_II_I,HAL_II_BFL,29.598286,-100.025269,7001152,5092670,3280541,64.4
PD4-27,CBS,B1207,BFL,CBS.6.G1,CenTex,45.79,4.67,244.5026178,0.0586,0.0191,92.94117647,364,11.5,375,58,21750,HAL_I,HAL_I_I,HAL_I_BFL,31.0574383,-98.4839367,7370216,5247516,3557044,67.8
PD4-28,CBS,B1332,BFL,CBS.6.G1,CenTex,131.39,9.44,228.0193237,0.1308,0.0414,85.87896254,437,14.5,563,118.5,66715.5,HAL_I,HAL_I_I,HAL_I_BFL,31.0574383,-98.4839367,6780545,4826587,3100820,64.2
PD4-29,CBS,B1634,BFL,CBS.6.G1,CenTex,61.79,6.48,229.787234,0.0796,0.0282,91.45907473,492,16.5,370,121,44770,HAL_I,HAL_I_I,HAL_I_BFL,31.0574383,-98.4839367,5924228,4194372,2889084,68.9
PD4-30,HAL,B1003,BFL,HAL.2.G1,CenTex,6.29,6.55,224.3150685,0.0996,0.0292,93.36870027,607,13,51,88.5,4513.5,HAL_I,HAL_I_I,HAL_I_BFL,30.185022,-97.873979,5509338,3890229,2598642,66.8
PD5-14,CHA,K1211,KINGS,CHA.2.G1,West,55.29,8.32,202.9268293,0.136,0.041,88.04448563,551,19,161,122.5,19722.5,HAL_I,HAL_I_II,HAL_I_KINGS,35.60518,-102.29663,6482315,4932733,3342370,67.8
PD5-15,CHA,K1805,KINGS,CHA.2.G1,West,116.89,8.45,191.1764706,0.1289,0.0442,80.4368471,474,14,427,72.5,30957.5,HAL_I,HAL_I_II,HAL_I_KINGS,35.60518,-102.29663,7638722,5995356,4312692,71.9
PD5-16,CHA,K2808,KINGS,CHA.2.G1,West,92.29,12.88,263.9344262,0.1936,0.0488,83.3621186,684,19.5,360,103,37080,HAL_I,HAL_I_II,HAL_I_KINGS,35.60518,-102.29663,7671748,6026221,4225584,70.1
PD5-17,CRC,K1606,KINGS,CRC.1.G1,West,120.19,8.92,172.2007722,0.1695,0.0518,91.31109387,498,17,358,157,56206,HAL_I,HAL_I_II,HAL_I_KINGS,35.52981,-102.26508,7189925,5236618,3519446,67.2
PD5-18,CRC,K1912,KINGS,CRC.1.G1,West,60.69,7.49,224.251497,0.0894,0.0334,81.15942029,544,15,272,85,23120,HAL_I,HAL_I_II,HAL_I_KINGS,35.52981,-102.26508,7484573,5560496,3743901,67.3
PD5-19,CRC,K2614,KINGS,CRC.1.G1,West,82.69,5.42,200,0.0736,0.0271,88.23529412,670,21,269,140,37660,HAL_I,HAL_I_II,HAL_I_KINGS,35.52981,-102.26508,7473898,5763019,4230279,73.4
PD5-20,HAL,K2006,KINGS,HAL.2.G1,CenTex,213.9,13.02,199.6932515,0.1944,0.0652,80.19863439,623,18.5,494,163.5,80769,HAL_I,HAL_I_I,HAL_I_KINGS,30.185022,-97.873979,8085243,6242026,4258661,68.2
PD5-24,CHA,B1022,BFL,CHA.2.G1,West,57.59,5.36,308.045977,0.0696,0.0174,95.42961609,381,9.5,208,55.5,11544,HAL_I,HAL_I_II,HAL_I_BFL,35.60518,-102.29663,7040284,5647205,3921378,69.4
PD5-25,CHA,B1111,BFL,CHA.2.G1,West,16.29,3.62,241.3333333,0.0512,0.015,95.76719577,324,6.5,77,66,5082,HAL_I,HAL_I_II,HAL_I_BFL,35.60518,-102.29663,7058696,5521116,3978373,72.1
PD5-26,CHA,B1218,BFL,CHA.2.G1,West,123.69,5.72,228.8,0.0715,0.025,86.43122677,456,15,417,64.3,26813.1,HAL_I,HAL_I_II,HAL_I_BFL,35.60518,-102.29663,8523017,6661389,4447616,66.8
PD5-27,CRC,B1017,BFL,CRC.1.G1,West,53.69,5.38,245.6621005,0.0788,0.0219,96.27749577,377,12.5,200,99.7,19940,HAL_I,HAL_I_II,HAL_I_BFL,35.52981,-102.26508,7415042,5783185,4021085,69.5
PD5-28,CRC,B1025,BFL,CRC.1.G1,West,10.59,8.06,251.0903427,0.113,0.0321,91.93181818,397,13,113,111.5,12599.5,HAL_I,HAL_I_II,HAL_I_BFL,35.52981,-102.26508,8144444,6372746,4436493,69.6
PD5-29,CRC,B1524,BFL,CRC.1.G1,West,56.19,6.52,221.7687075,0.0867,0.0294,94.55445545,351,14,251,110,27610,HAL_I,HAL_I_II,HAL_I_BFL,35.52981,-102.26508,6915648,5416660,3582341,66.1
PD5-30,HAL,B1429,BFL,HAL.2.G1,CenTex,71.59,7.38,205,0.1117,0.036,91.86893204,463,14.5,417,167,69639,HAL_I,HAL_I_I,HAL_I_BFL,30.185022,-97.873979,5817032,4591124,3099445,67.5
PD6-10,ELG,K1412,KINGS,ELG.50.G2,West,50.49,14.98,233.3333333,0.2099,0.0642,91.17647059,510,17,132,101.5,13398,HAL_I,HAL_I_II,HAL_I_KINGS,31.6009,-110.5585333,7828198,6081520,4242975,69.8
PD6-11,ELG,K1607,KINGS,ELG.50.G2,West,90.99,19.75,196.1271102,0.2858,0.1007,86.01301115,545,12,295,110.5,32597.5,HAL_I,HAL_I_II,HAL_I_KINGS,31.6009,-110.5585333,5791268,4630659,3222671,69.6
PD6-12,GEO,K1509,KINGS,GEO.1A.G1,West,36.89,9.09,188.1987578,0.1369,0.0483,89.76697062,586,21,145,104,15080,HAL_I,HAL_I_II,HAL_I_KINGS,36.042875,-104.3091517,4355184,3556885,2667476,75
PD6-13,GEO,K2706,KINGS,GEO.1A.G1,West,79.69,14.15,184.4850065,0.2354,0.0767,84.54981353,544,16.5,160,116,18560,HAL_I,HAL_I_II,HAL_I_KINGS,36.042875,-104.3091517,6338876,5034596,3599361,71.5
PD6-14,GEO,K2715,KINGS,GEO.1A.G1,West,63.79,19.22,176.1686526,0.3169,0.1091,83.21986384,676,18,128,134.5,17216,HAL_I,HAL_I_II,HAL_I_KINGS,36.042875,-104.3091517,5165015,4036604,2682041,66.4
PD6-18,CCG,K1114,KINGS,CCG.5.G1,West,57.49,8.99,197.5824176,0.1384,0.0455,89.49903661,583,19.5,278,161,44758,HAL_I,HAL_I_II,HAL_I_KINGS,34.44678,-101.08233,6454050,5085049,3298033,64.9
PD6-19,CCG,K2517,KINGS,CCG.5.G1,West,22.59,2.84,70.82294264,0.1146,0.0401,78.66948258,530,23.5,149,135,20115,HAL_I,HAL_I_II,HAL_I_KINGS,34.44678,-101.08233,7296956,5666325,3896325,68.8
PD6-20,CCG,K2802,KINGS,CCG.5.G1,West,46.19,14.27,341.3875598,0.1328,0.0418,94.30051813,596,18.5,148,71.5,10582,HAL_I,HAL_I_II,HAL_I_KINGS,34.44678,-101.08233,5963992,4675379,3071404,65.7
PD6-21,ELG,B1019,BFL,ELG.50.G2,West,61.79,6.21,223.381295,0.082,0.0278,93.28743546,434,10,157,115.3,18102.1,HAL_I,HAL_I_II,HAL_I_BFL,31.6009,-110.5585333,7545498,5936321,4602878,77.5
PD6-22,ELG,B1235,BFL,ELG.50.G2,West,142.9,10.21,164.4122383,0.1844,0.0621,89.53147877,411,16,333,93,30969,HAL_I,HAL_I_II,HAL_I_BFL,31.6009,-110.5585333,6444781,5035303,3821965,75.9
PD6-23,ELG,B1425,BFL,ELG.50.G2,West,NA,10.75,196.5265082,0.1371,0.0547,89.76034858,466,15,85,74.3,6315.5,HAL_I,HAL_I_II,HAL_I_BFL,31.6009,-110.5585333,5938475,4699314,3252163,69.2
PD6-24,GEO,B1024,BFL,GEO.1A.G1,West,94.09,9.36,232.8358209,0.1377,0.0402,93.93063584,350,12,238,87,20706,HAL_I,HAL_I_II,HAL_I_BFL,36.042875,-104.3091517,7514792,5994000,4256006,71
PD6-25,GEO,B1115,BFL,GEO.1A.G1,West,125.69,10.81,227.5789474,0.1526,0.0475,96.86635945,364,8.5,220,116.5,25630,HAL_I,HAL_I_II,HAL_I_BFL,36.042875,-104.3091517,7432617,5749799,4260636,74.1
PD6-26,GEO,B1418,BFL,GEO.1A.G1,West,NA,9.33,237.4045802,0.1284,0.0393,95.29411765,428,11.5,31,121,3751,HAL_I,HAL_I_II,HAL_I_BFL,36.042875,-104.3091517,8923034,7220189,5683740,78.7
PD6-29,CCG,B1113,BFL,CCG.5.G1,West,25.59,4.65,239.6907216,0.0686,0.0194,96.66011788,452,7.5,73,89.5,6533.5,HAL_I,HAL_I_II,HAL_I_BFL,34.44678,-101.08233,7052952,5597649,3931671,70.2
PD6-30,CCG,B1313,BFL,CCG.5.G1,West,35.99,5.78,218.1132075,0.0824,0.0265,83.80809595,353,16.5,232,137,31784,HAL_I,HAL_I_II,HAL_I_BFL,34.44678,-101.08233,6026267,4839897,3450646,71.3
PD6-9,ELG,K1101,KINGS,ELG.50.G2,West,66.09,18.98,218.1609195,0.309,0.087,91.62195625,533,15,140,70,9800,HAL_I,HAL_I_II,HAL_I_KINGS,31.6009,-110.5585333,6631976,5223427,3620473,69.3
PD7-10,PRT,k1716,KINGS,PRT.4.G1,West,NA,NA,NA,NA,NA,NA,NA,NA,NA,NA,NA,HAL_I,HAL_I_II,HAL_I_KINGS,31.9159333,-109.1546667,7652941,5778733,3285371,56.9
PD7-11,PRT,k2302,KINGS,PRT.4.G1,West,NA,NA,NA,NA,NA,NA,NA,NA,NA,NA,NA,HAL_I,HAL_I_II,HAL_I_KINGS,31.9159333,-109.1546667,5519693,4183234,2532842,60.5
PD7-12,PRT,K2713,KINGS,PRT.4.G1,West,163.49,18.2,186.0940695,0.2671,0.0978,78.0904059,648,20.5,246,315.5,77613,HAL_I,HAL_I_II,HAL_I_KINGS,31.9159333,-109.1546667,7245177,5713816,4421362,77.4
PD7-13,BME,k1212,KINGS,BME.2.G1,West,NA,NA,NA,NA,NA,NA,NA,NA,NA,NA,NA,HAL_I,HAL_I_II,HAL_I_KINGS,36.87533,-102.8874,4729291,3530964,2118041,60
PD7-14,BME,k2118,KINGS,BME.2.G1,West,NA,NA,NA,NA,NA,NA,NA,NA,NA,NA,NA,HAL_I,HAL_I_II,HAL_I_KINGS,36.87533,-102.8874,4297870,3221319,1982410,61.5
PD7-15,BME,K2812,KINGS,BME.2.G1,West,54.29,19.29,205.4313099,0.274,0.0939,78.88742882,715,18,145,72.5,10512.5,HAL_I,HAL_I_II,HAL_I_KINGS,36.87533,-102.8874,6572474,5079151,3244133,63.9
PD7-16,CKR,K1718,KINGS,CKR.15.G3,West,40.59,13.66,191.3165266,0.2099,0.0714,86.88833124,483,17,153,105.5,16141.5,HAL_I,HAL_I_II,HAL_I_KINGS,34.23419,-112.31544,10859950,8505194,5316107,62.5
PD7-17,CKR,K2504,KINGS,CKR.15.G3,West,96.19,9.99,222.4944321,0.1539,0.0449,85.02340094,604,15,269,57.5,15467.5,HAL_I,HAL_I_II,HAL_I_KINGS,34.23419,-112.31544,5414466,4037625,2576187,63.8
PD7-18,CKR,K2510,KINGS,CKR.15.G3,West,127.29,11.87,206.7944251,0.1699,0.0574,78.23365786,655,15,323,116,37468,HAL_I,HAL_I_II,HAL_I_KINGS,34.23419,-112.31544,7121547,5312557,3275353,61.7
PD7-21,PRT,B1203,BFL,PRT.4.G1,West,43.2,8.89,259.1836735,0.1129,0.0343,89.52164009,352,9.5,239,144.5,34535.5,HAL_I,HAL_I_II,HAL_I_BFL,31.9159333,-109.1546667,5486321,4104128,2710774,66
PD7-22,PRT,B1417,BFL,PRT.4.G1,West,132.49,8.46,264.375,0.1293,0.032,96.62363456,417,9.5,223,181,40363,HAL_I,HAL_I_II,HAL_I_BFL,31.9159333,-109.1546667,6873079,5287226,3361332,63.6
PD7-23,PRT,B1732,BFL,PRT.4.G1,West,44.39,7.5,219.941349,0.1025,0.0341,91.44385027,299,14,168,108.3,18194.4,HAL_I,HAL_I_II,HAL_I_BFL,31.9159333,-109.1546667,7606917,5700559,3384337,59.4
PD7-24,BME,B1341,BFL,BME.2.G1,West,NA,NA,NA,NA,NA,NA,NA,NA,NA,83,NA,HAL_I,HAL_I_II,HAL_I_BFL,36.87533,-102.8874,11434663,8928656,5546431,62.1
PD7-25,BME,B1412,BFL,BME.2.G1,West,73.49,6.97,240.3448276,0.097,0.029,92.39130435,431,7.5,191,113,21583,HAL_I,HAL_I_II,HAL_I_BFL,36.87533,-102.8874,9118155,6961951,4165906,59.8
PD7-26,BME,B1428,BFL,BME.2.G1,West,76.09,7.67,216.056338,0.1098,0.0355,87.20657277,445,9.5,214,68,14552,HAL_I,HAL_I_II,HAL_I_BFL,36.87533,-102.8874,9415024,7224481,4312312,59.7
PD7-27,CKR,B1608,BFL,CKR.15.G3,West,33.79,5.06,290.8045977,0.0613,0.0174,92.61603376,498,15,137,77,10549,HAL_I,HAL_I_II,HAL_I_BFL,34.23419,-112.31544,6564968,4886552,3737628,76.5
PD7-28,CKR,B1617,BFL,CKR.15.G3,West,208.8,13.01,319.6560197,0.1927,0.0407,87.20596672,576,12.5,486,100.3,48745.8,HAL_I,HAL_I_II,HAL_I_BFL,34.23419,-112.31544,4783685,3573042,2314634,64.8
PD7-29,CKR,B1626,BFL,CKR.15.G3,West,153.19,9.32,218.7793427,0.1334,0.0426,88.84540117,519,11.5,341,76,25916,HAL_I,HAL_I_II,HAL_I_BFL,34.23419,-112.31544,5207585,3949452,2473939,62.6
PD8-11,COM,K2104,KINGS,COM.12.G2,TexMex,54.79,8.88,213.9759036,0.1224,0.0415,84.27083333,587,19,256,239,61184,HAL_II,HAL_II_II,HAL_II_KINGS,29.70175,-101.2076944,6004965,4587968,2531403,55.2
PD8-12,COM,K2203,KINGS,COM.12.G2,TexMex,69.49,5.94,185.046729,0.0905,0.0321,83.54792561,654,17,202,217.5,43935,HAL_II,HAL_II_II,HAL_II_KINGS,29.70175,-101.2076944,5354794,3999425,2308406,57.7
PD8-13,COM,K2409,KINGS,COM.12.G2,TexMex,47.59,9.14,226.2376238,0.1271,0.0404,78.5326087,550,21.5,180,152.5,27450,HAL_II,HAL_II_II,HAL_II_KINGS,29.70175,-101.2076944,4726243,3440491,1998945,58.1
PD8-14,GMO,K1508,KINGS,GMO.5.G1,West,103.29,15.94,193.2121212,0.2584,0.0825,91.80584551,581,14.5,191,138,26358,HAL_I,HAL_I_II,HAL_I_KINGS,31.9017667,-104.83905,4299857,3213985,1784271,55.5
PD8-15,GMO,K2114,KINGS,GMO.5.G1,West,71.59,7.65,175.0572082,0.1572,0.0437,89.29976397,608,20,227,103.5,23494.5,HAL_I,HAL_I_II,HAL_I_KINGS,31.9017667,-104.83905,5613154,4267283,2187730,51.3
PD8-16,GMO,K2511,KINGS,GMO.5.G1,West,204.3,12.44,178.2234957,0.1999,0.0698,82.70820089,574,20.5,259,304.5,78865.5,HAL_I,HAL_I_II,HAL_I_KINGS,31.9017667,-104.83905,8795322,6892653,3276004,47.5
PD8-17,LBY,K1202,KINGS,LBY.3.G2,West,140.89,12.56,227.124774,0.2105,0.0553,90.65420561,563,15,360,250.5,90180,HAL_I,HAL_I_II,HAL_I_KINGS,34.9450167,-104.6405667,5388102,3763151,2184693,58.1
PD8-18,LBY,K1213,KINGS,LBY.3.G2,West,87.69,13.82,203.8348083,0.2226,0.0678,88.96551724,454,13.5,265,215,56975,HAL_I,HAL_I_II,HAL_I_KINGS,34.9450167,-104.6405667,5933902,4369679,2099710,48.1
PD8-19,LBY,K1316,KINGS,LBY.3.G2,West,56.49,20.22,235.6643357,0.3093,0.0858,85.89546503,479,14,188,69.5,13066,HAL_I,HAL_I_II,HAL_I_KINGS,34.9450167,-104.6405667,5082055,3779609,2022418,53.5
PD8-21,COM,B1007,BFL,COM.12.G2,TexMex,45.49,4.81,189.3700787,0.0773,0.0254,93.51351351,447,11.5,202,147,29694,HAL_II,HAL_II_II,HAL_II_BFL,29.70175,-101.2076944,6120913,4441427,2448728,55.1
PD8-22,COM,B1020,BFL,COM.12.G2,TexMex,37.89,6.05,224.9070632,0.0971,0.0269,93.72496662,361,11.5,142,171.5,24353,HAL_II,HAL_II_II,HAL_II_BFL,29.70175,-101.2076944,4562999,3421708,1692693,49.5
PD8-23,COM,B1541,BFL,COM.12.G2,TexMex,0.59,2.78,224.1935484,0.0406,0.0124,92.76315789,468,11,34,82,2788,HAL_II,HAL_II_II,HAL_II_BFL,29.70175,-101.2076944,7255251,5420394,2771637,51.1
PD8-24,GMO,B1639,BFL,GMO.5.G1,West,3.69,6.15,237.4517375,0.0803,0.0259,90.96989967,593,13,49,89,4361,HAL_I,HAL_I_II,HAL_I_BFL,31.9017667,-104.83905,8033873,6239951,3562089,57.1
PD8-25,GMO,B1717,BFL,GMO.5.G1,West,54.69,14.18,253.2142857,0.1856,0.056,83.82923674,479,11.5,108,112.5,12150,HAL_I,HAL_I_II,HAL_I_BFL,31.9017667,-104.83905,5696817,4172957,2181723,52.3
PD8-26,GMO,B1726,BFL,GMO.5.G1,West,25.19,8.98,198.2339956,0.1379,0.0453,92.32303091,344,13.5,101,87,8787,HAL_I,HAL_I_II,HAL_I_BFL,31.9017667,-104.83905,8155638,6132270,3273644,53.4
PD8-27,LBY,B1414,BFL,LBY.3.G2,West,70.39,9.74,237.5609756,0.1533,0.041,96.06501283,458,10.5,165,95,15675,HAL_I,HAL_I_II,HAL_I_BFL,34.9450167,-104.6405667,6663436,5009816,3130430,62.5
PD8-28,LBY,B1712,BFL,LBY.3.G2,West,1.89,NA,NA,NA,NA,NA,482,12.5,28,39.5,1106,HAL_I,HAL_I_II,HAL_I_BFL,34.9450167,-104.6405667,5388696,4064055,2204625,54.2
PD9-12,PCR,K1014,KINGS,PCR.61.G1,West,59.09,14.42,186.545925,0.2538,0.0773,87.72365805,534,15,183,152.5,27907.5,HAL_I,HAL_I_II,HAL_I_KINGS,31.9802,-109.3634333,5689104,4681740,3413364,72.9
PD9-13,PCR,K1413,KINGS,PCR.61.G1,West,106.19,16.13,189.5417156,0.2855,0.0851,91.46508444,465,15.5,226,133,30058,HAL_I,HAL_I_II,HAL_I_KINGS,31.9802,-109.3634333,5302267,4443056,2643868,59.5
PD9-14,PCR,K2809,KINGS,PCR.61.G1,West,109.69,13.99,169.37046,0.2056,0.0826,77.55359395,675,22.5,261,124,32364,HAL_I,HAL_I_II,HAL_I_KINGS,31.9802,-109.3634333,6064642,4990277,3476371,69.7
PD9-15,SEV,K1608,KINGS,SEV.2.G1,West,71.59,14.53,183.2282472,0.2331,0.0793,88.9017341,469,17.5,216,126.5,27324,HAL_I,HAL_I_II,HAL_I_KINGS,34.3317056,-106.9735444,7681805,6604876,4546306,68.8
PD9-16,SEV,K1712,KINGS,SEV.2.G1,West,57.49,13.62,192.3728814,0.211,0.0708,87.40648379,437,17,174,125.5,21837,HAL_I,HAL_I_II,HAL_I_KINGS,34.3317056,-106.9735444,5805993,4620800,3316105,71.8
PD9-17,SEV,K2411,KINGS,SEV.2.G1,West,67.79,14.52,178.1595092,0.2491,0.0815,87.79465689,495,13,180,69.5,12510,HAL_I,HAL_I_II,HAL_I_KINGS,34.3317056,-106.9735444,5262423,4511137,3127472,69.3
PD9-18,SVN,K1106,KINGS,SVN.3.G2,West,260.5,18.35,188.2051282,0.3197,0.0975,92.39085239,559,15,557,165,91905,HAL_I,HAL_I_II,HAL_I_KINGS,34.8310667,-104.82735,7571598,6492574,4200470,64.7
PD9-19,SVN,K1916,KINGS,SVN.3.G2,West,58.39,13.42,158.4415584,0.2446,0.0847,82.16855087,643,16.5,298,100.5,29949,HAL_I,HAL_I_II,HAL_I_KINGS,34.8310667,-104.82735,5364327,4584859,3173795,69.2
PD9-20,SVN,K2806,KINGS,SVN.3.G2,West,134.7,19.85,194.7988224,0.3152,0.1019,91.38817481,522,15.5,309,135,41715,HAL_I,HAL_I_II,HAL_I_KINGS,34.8310667,-104.82735,6770488,5801310,4115619,70.9
PD9-23,PCR,B1421,BFL,PCR.61.G1,West,NA,4.66,164.084507,0.072,0.0284,96.46017699,484,14,17,133,2261,HAL_I,HAL_I_II,HAL_I_BFL,31.9802,-109.3634333,8144220,7018827,5037425,71.8
PD9-24,PCR,B1529,BFL,PCR.61.G1,West,144.59,7.57,247.3856209,0.1044,0.0306,98.92761394,311,12.5,190,110,20900,HAL_I,HAL_I_II,HAL_I_BFL,31.9802,-109.3634333,8271155,7174004,4790783,66.8
PD9-25,SEV,B1240,BFL,SEV.2.G1,West,6.39,3.87,218.6440678,0.0497,0.0177,88.64265928,430,13.5,61,72.5,4422.5,HAL_I,HAL_I_II,HAL_I_BFL,34.3317056,-106.9735444,7281101,6227965,4274115,68.6
PD9-26,SEV,B1519,BFL,SEV.2.G1,West,112.8,7.56,200.530504,0.1427,0.0377,94.85094851,537,13,288,94.3,27158.4,HAL_I,HAL_I_II,HAL_I_BFL,34.3317056,-106.9735444,6544864,5568635,3689243,66.3
PD9-27,SEV,B1611,BFL,SEV.2.G1,West,6.39,4.66,198.2978723,0.0702,0.0235,90.32882012,634,12,77,85,6545,HAL_I,HAL_I_II,HAL_I_BFL,34.3317056,-106.9735444,8184356,7004585,4988135,71.2
PD9-28,SVN,B1328,BFL,SVN.3.G2,West,216.2,12.91,198.006135,0.1878,0.0652,85.91450596,482,16,421,158,66518,HAL_I,HAL_I_II,HAL_I_BFL,34.8310667,-104.82735,8052803,6764475,4601964,68
PD9-29,SVN,B1507,BFL,SVN.3.G2,West,17.29,5.38,243.438914,0.0722,0.0221,92.09558824,344,9.5,67,59.5,3986.5,HAL_I,HAL_I_II,HAL_I_BFL,34.8310667,-104.82735,7971483,6803866,4641765,68.2
PD9-30,SVN,B1522,BFL,SVN.3.G2,West,107.19,10.21,237.4418605,0.1554,0.043,96.39794168,365,13,217,132,28644,HAL_I,HAL_I_II,HAL_I_BFL,34.8310667,-104.82735,5978726,5080021,3301021,65
